f_id	h_group	prov_rep_domain	pfam_acc	classification_source	ecod_rep_count	ecod_commons_count	is_deprecated	category
1008.1.1.47	1008.1	P40573_F1_nD2	PF07716	swissprot	1	1	False	A1_SINGLETON_TOTAL
101.1.1.254	101.1	K7KTF9_F1_nD3	PF03789	proteomes	1	1	False	A1_SINGLETON_TOTAL
101.1.1.255	101.1	G5EBU4_F1_nD2	PF12171	swissprot	1	1	False	A1_SINGLETON_TOTAL
101.1.1.257	101.1	P53102_F1_nD2	PF18517	swissprot	1	1	False	A1_SINGLETON_TOTAL
101.1.11.100	101.1	Q8S7W9_F1_nD2	PF02183	swissprot	1	1	False	A1_SINGLETON_TOTAL
101.1.11.101	101.1	A0A0N7KHX3_F1_nD8	PF08172	proteomes	1	1	False	A1_SINGLETON_TOTAL
101.1.11.102	101.1	Q54SF5_F1_nD1	PF15341	swissprot	1	1	False	A1_SINGLETON_TOTAL
101.1.11.103	101.1	Q9VC60_F1_nD1	PF09736	proteomes	1	1	False	A1_SINGLETON_TOTAL
101.1.11.107	101.1	A0A077ZLM1_F1_nD1	PF01098	proteomes	1	1	False	A1_SINGLETON_TOTAL
101.1.11.109	101.1	U7Q283_F1_nD2	PF11702	proteomes	1	1	False	A1_SINGLETON_TOTAL
101.1.11.110	101.1	U7Q5P2_F1_nD3	PF26095	proteomes	1	1	False	A1_SINGLETON_TOTAL
101.1.11.113	101.1	C0NSS8_F1_nD2	PF04615	proteomes	1	1	False	A1_SINGLETON_TOTAL
101.1.11.115	101.1	K0F8Q6_F1_nD2	PF27540	proteomes	1	1	False	A1_SINGLETON_TOTAL
101.1.11.93	101.1	I1KHB3_F1_nD1	PF08880	proteomes	1	1	False	A1_SINGLETON_TOTAL
101.1.11.94	101.1	I1JWW8_F1_nD1	PF23174	proteomes	1	1	False	A1_SINGLETON_TOTAL
101.1.11.96	101.1	C6TIC4_F1_nD2	PF02453	proteomes	1	1	False	A1_SINGLETON_TOTAL
101.1.2.471	101.1	O94761_F1_nD1	PF11719	swissprot	1	1	False	A1_SINGLETON_TOTAL
101.1.2.479	101.1	A0A077ZKB6_F1_nD1	PF27449	proteomes	1	1	False	A1_SINGLETON_TOTAL
101.1.2.481	101.1	U7PX40_F1_nD1	PF06842	proteomes	1	1	False	A1_SINGLETON_TOTAL
101.1.2.484	101.1	Q03707_F1_nD1	PF12949	swissprot	1	1	False	A1_SINGLETON_TOTAL
101.1.4.51	101.1	U7Q7R6_F1_nD3	PF20497	proteomes	1	1	False	A1_SINGLETON_TOTAL
102.1.1.94	102.1	Q8IVT5_F1_nD1	PF20406	swissprot	1	1	False	A1_SINGLETON_TOTAL
103.1.1.72	103.1	Q96RU2_F1_nD2	PF21909	swissprot	1	1	False	A1_SINGLETON_TOTAL
103.1.1.73	103.1	Q9BTC8_F1_nD5	PF17226	swissprot	1	1	False	A1_SINGLETON_TOTAL
103.1.1.76	103.1	C0NN68_F1_nD1	PF28419	proteomes	1	1	False	A1_SINGLETON_TOTAL
103.1.1.78	103.1	K0EPF8_F1_nD1	PF14013	proteomes	1	1	False	A1_SINGLETON_TOTAL
103.1.1.80	103.1	P32489_F1_nD2	PF10376	swissprot	1	1	False	A1_SINGLETON_TOTAL
103.1.1.81	103.1	P38202_F1_nD1	PF10338	proteomes	1	1	False	A1_SINGLETON_TOTAL
105.2.1.7	105.2	B0F9L7_F1_nD3	PF09787	swissprot	1	1	False	A1_SINGLETON_TOTAL
1050.1.1.2	1050.1	U7PSM8_F1_nD2	PF08508	proteomes	1	1	False	A1_SINGLETON_TOTAL
108.1.1.87	108.1	Q9P0U1_F1_nD1	PF08038	swissprot	1	1	False	A1_SINGLETON_TOTAL
108.1.1.90	108.1	A0A3Q0KC80_F1_nD2	PF05002	proteomes	1	1	False	A1_SINGLETON_TOTAL
108.1.1.91	108.1	P40421_F1_nD1	PF00612	swissprot	1	1	False	A1_SINGLETON_TOTAL
108.1.1.93	108.1	U7PIW9_F1_nD1	PF00172	proteomes	1	1	False	A1_SINGLETON_TOTAL
109.2.1.61	109.2	Q5T0J3_F1_nD2	PF17739	swissprot	1	1	False	A1_SINGLETON_TOTAL
109.26.1.10	109.26	Q54JC7_F1_nD1	PF00130	swissprot	1	1	False	A1_SINGLETON_TOTAL
109.3.1.141	109.3	Q5Z880_F1_nD1	PF25563	swissprot	1	1	False	A1_SINGLETON_TOTAL
109.4.1.1192	109.4	Q09556_F1_nD1	PF09429	swissprot	1	1	False	A1_SINGLETON_TOTAL
109.4.1.1210	109.4	Q9VJ35_F1_nD1	PF16501	proteomes	1	1	False	A1_SINGLETON_TOTAL
109.4.1.1238	109.4	U7PVL4_F1_nD1	PF00172	proteomes	1	1	False	A1_SINGLETON_TOTAL
109.4.1.1245	109.4	P48415_F1_nD3	PF12931	swissprot	1	1	False	A1_SINGLETON_TOTAL
11.1.1.825	11.1	Q9VJB6_F1_nD15	PF01049	swissprot	1	1	False	A1_SINGLETON_TOTAL
11.1.1.826	11.1	Q9VJB6_F1_nD9	PF00008	swissprot	1	1	False	A1_SINGLETON_TOTAL
1134.1.2.13	1134.1	Q54R70_F1_nD4	PF08172	proteomes	1	1	False	A1_SINGLETON_TOTAL
1134.1.2.14	1134.1	A0A077Z2X5_F1_nD1	PF09429	proteomes	1	1	False	A1_SINGLETON_TOTAL
1134.1.2.15	1134.1	C0NUZ1_F1_nD1	PF05837	proteomes	1	1	False	A1_SINGLETON_TOTAL
1134.1.2.9	1134.1	C6TIB3_F1_nD2	PF23177	proteomes	1	1	False	A1_SINGLETON_TOTAL
1169.1.1.5	1169.1	Q9XVY1_F1_nD2	PF01484	proteomes	1	1	False	A1_SINGLETON_TOTAL
1198.1.1.3	1198.1	P36116_F1_nD1	PF08700	swissprot	1	1	False	A1_SINGLETON_TOTAL
1204.1.1.1	1204.1	Q96MW1_F1_nD2	PF27916	swissprot	1	1	False	A1_SINGLETON_TOTAL
1204.1.1.2	1204.1	G5ED89_F1_nD1	PF16563	swissprot	1	1	False	A1_SINGLETON_TOTAL
148.1.1.31	148.1	P35554_F1_nD2	PF28577	swissprot	1	1	False	A1_SINGLETON_TOTAL
148.1.3.181	148.1	Q99743_F1_nD1	PF00010	swissprot	1	1	False	A1_SINGLETON_TOTAL
148.1.3.182	148.1	Q10Q23_F1_nD1	PF06886	proteomes	1	1	False	A1_SINGLETON_TOTAL
148.1.3.183	148.1	Q95YA5_F1_nD2	PF10211	proteomes	1	1	False	A1_SINGLETON_TOTAL
148.1.3.184	148.1	Q21194_F1_nD2	PF05276	swissprot	1	1	False	A1_SINGLETON_TOTAL
148.1.3.186	148.1	A0A5K4ELY3_F1_nD1	PF15739	proteomes	1	1	False	A1_SINGLETON_TOTAL
148.1.3.187	148.1	A0A3Q0KBC8_F1_nD3	PF21773	proteomes	1	1	False	A1_SINGLETON_TOTAL
148.1.3.188	148.1	Q54G94_F1_nD1	PF07716	swissprot	1	1	False	A1_SINGLETON_TOTAL
148.1.3.189	148.1	A1Z8P9_F1_nD4	PF25785	swissprot	1	1	False	A1_SINGLETON_TOTAL
148.1.3.191	148.1	Q9VF13_F1_nD1	PF15964	proteomes	1	1	False	A1_SINGLETON_TOTAL
148.1.3.192	148.1	A0A077Z786_F1_nD4	PF27598	proteomes	1	1	False	A1_SINGLETON_TOTAL
150.1.1.85	150.1	K7KCC4_F1_nD2	PF06102	proteomes	1	1	False	A1_SINGLETON_TOTAL
150.1.1.90	150.1	Q22003_F1_nD2	PF05602	proteomes	1	1	False	A1_SINGLETON_TOTAL
150.1.1.93	150.1	Q9I7W5_F1_nD3	PF09368	swissprot	1	1	False	A1_SINGLETON_TOTAL
150.5.1.47	150.5	I1JB18_F1_nD2	PF14308	proteomes	1	1	False	A1_SINGLETON_TOTAL
150.5.1.48	150.5	P0C875_F1_nD2	PF28229	swissprot	1	1	False	A1_SINGLETON_TOTAL
192.1.1.20	192.1	Q5RI15_F1_nD1	PF12597	swissprot	1	1	False	A1_SINGLETON_TOTAL
192.1.1.21	192.1	A0A0P0VWP6_F1_nD1	PF12552	proteomes	1	1	False	A1_SINGLETON_TOTAL
192.1.1.24	192.1	P91419_F1_nD1	PF02363	proteomes	1	1	False	A1_SINGLETON_TOTAL
192.1.1.26	192.1	G5ECW4_F1_nD5	PF11819	proteomes	1	1	False	A1_SINGLETON_TOTAL
192.1.1.27	192.1	A0A3Q0KEV1_F1_nD1	PF00458	proteomes	1	1	False	A1_SINGLETON_TOTAL
192.1.1.30	192.1	U7PSQ9_F1_nD1	PF23489	proteomes	1	1	False	A1_SINGLETON_TOTAL
192.1.1.32	192.1	K0ETN8_F1_nD1	PF12270	proteomes	1	1	False	A1_SINGLETON_TOTAL
192.29.1.132	192.29	Q9P086_F1_nD1	PF10280	swissprot	1	1	False	A1_SINGLETON_TOTAL
192.6.1.4	192.6	I1L826_F1_nD1	PF13902	proteomes	1	1	False	A1_SINGLETON_TOTAL
192.8.1.261	192.8	I1JQC8_F1_nD1	PF04576	proteomes	1	1	False	A1_SINGLETON_TOTAL
192.8.1.262	192.8	I1LU43_F1_nD2	PF18035	proteomes	1	1	False	A1_SINGLETON_TOTAL
192.8.1.264	192.8	I1NGL0_F1_nD1	PF15003	proteomes	1	1	False	A1_SINGLETON_TOTAL
192.8.1.267	192.8	K7KB77_F1_nD3	PF14389	proteomes	1	1	False	A1_SINGLETON_TOTAL
192.8.1.270	192.8	A0A0R0FRM1_F1_nD3	PF13713	proteomes	1	1	False	A1_SINGLETON_TOTAL
192.8.1.273	192.8	P0C7W6_F1_nD1	PF28385	swissprot	1	1	False	A1_SINGLETON_TOTAL
192.8.1.274	192.8	A6NNP5_F1_nD3	PF15372	swissprot	1	1	False	A1_SINGLETON_TOTAL
192.8.1.278	192.8	A0A0P0VGX9_F1_nD1	PF12507	proteomes	1	1	False	A1_SINGLETON_TOTAL
192.8.1.279	192.8	Q67U21_F1_nD1	PF23177	proteomes	1	1	False	A1_SINGLETON_TOTAL
192.8.1.280	192.8	Q2QP84_F1_nD4	PF04871	proteomes	1	1	False	A1_SINGLETON_TOTAL
192.8.1.286	192.8	A0A3Q0KF09_F1_nD2	PF28217	proteomes	1	1	False	A1_SINGLETON_TOTAL
192.8.1.287	192.8	A0A3Q0KML8_F1_nD3	PF07426	proteomes	1	1	False	A1_SINGLETON_TOTAL
192.8.1.291	192.8	A0A3Q0KMP0_F1_nD4	PF14739	proteomes	1	1	False	A1_SINGLETON_TOTAL
192.8.1.292	192.8	A0A5K4FE17_F1_nD1	PF08700	proteomes	1	1	False	A1_SINGLETON_TOTAL
192.8.1.293	192.8	Q8MMZ9_F1_nD6	PF13329	proteomes	1	1	False	A1_SINGLETON_TOTAL
192.8.1.294	192.8	Q54M86_F1_nD1	PF10247	swissprot	1	1	False	A1_SINGLETON_TOTAL
192.8.1.297	192.8	Q4V3S3_F1_nD1	PF15960	proteomes	1	1	False	A1_SINGLETON_TOTAL
192.8.1.298	192.8	A0A0B4JD97_F1_nD3	PF05010	proteomes	1	1	False	A1_SINGLETON_TOTAL
192.8.1.299	192.8	A8DYG7_F1_nD2	PF05335	proteomes	1	1	False	A1_SINGLETON_TOTAL
192.8.1.302	192.8	A0A077ZC35_F1_nD2	PF05700	proteomes	1	1	False	A1_SINGLETON_TOTAL
192.8.1.312	192.8	U7PLM4_F1_nD2	PF09731	proteomes	1	1	False	A1_SINGLETON_TOTAL
192.8.1.315	192.8	U7PHP9_F1_nD2	PF21924	proteomes	1	1	False	A1_SINGLETON_TOTAL
192.8.1.316	192.8	U7PXV7_F1_nD2	PF26916	proteomes	1	1	False	A1_SINGLETON_TOTAL
192.8.1.317	192.8	C0NBV2_F1_nD2	PF03980	proteomes	1	1	False	A1_SINGLETON_TOTAL
192.8.1.318	192.8	C0NW01_F1_nD1	PF27815	proteomes	1	1	False	A1_SINGLETON_TOTAL
192.8.1.319	192.8	C0NP51_F1_nD1	PF05546	proteomes	1	1	False	A1_SINGLETON_TOTAL
192.8.1.320	192.8	C0ND52_F1_nD5	PF16495	proteomes	1	1	False	A1_SINGLETON_TOTAL
192.8.1.323	192.8	C0NH47_F1_nD2	PF06419	proteomes	1	1	False	A1_SINGLETON_TOTAL
192.8.1.329	192.8	P52919_F1_nD1	PF08537	swissprot	1	1	False	A1_SINGLETON_TOTAL
192.8.1.330	192.8	Q08490_F1_nD1	PF07558	swissprot	1	1	False	A1_SINGLETON_TOTAL
2.6.1.4	2.6	Q9BXT4_F1_nD1	PF01753	swissprot	1	1	False	A1_SINGLETON_TOTAL
2003.2.1.6	2003.2	Q34312_F1_nD2	PF10588	swissprot	1	1	False	A1_SINGLETON_TOTAL
2003.2.1.7	2003.2	K0F0B3_F1_nD1	PF04879	proteomes	1	1	False	A1_SINGLETON_TOTAL
206.1.1.69	206.1	P08630_F1_nD2	PF00779	swissprot	1	1	False	A1_SINGLETON_TOTAL
207.1.1.120	207.1	A0A0J9YWL9_F1_nD6	PF20864	swissprot	1	1	False	A1_SINGLETON_TOTAL
207.1.1.128	207.1	A0A3Q0KP14_F1_nD1	PF05030	proteomes	1	1	False	A1_SINGLETON_TOTAL
220.1.1.147	220.1	P55089_F1_nD1	PF00473	proteomes	1	1	False	A1_SINGLETON_TOTAL
220.1.1.148	220.1	Q8T498_F1_nD5	PF12004	swissprot	1	1	False	A1_SINGLETON_TOTAL
243.1.1.70	243.1	K7K5X3_F1_nD1	PF05553	proteomes	1	1	False	A1_SINGLETON_TOTAL
3009.1.1.7	3009.1	I1J883_F1_nD1	PF10197	proteomes	1	1	False	A1_SINGLETON_TOTAL
3009.1.1.8	3009.1	C0NB06_F1_nD1	PF07529	proteomes	1	1	False	A1_SINGLETON_TOTAL
3016.1.1.25	3016.1	Q6UX46_F1_nD1	PF15129	swissprot	1	1	False	A1_SINGLETON_TOTAL
304.60.1.6	304.60	A0A0R0FBI3_F1_nD1	PF07765	proteomes	1	1	False	A1_SINGLETON_TOTAL
304.60.1.7	304.60	A0A0P0Y411_F1_nD5	PF05266	proteomes	1	1	False	A1_SINGLETON_TOTAL
304.9.1.76	304.9	Q9C0F3_F1_nD1	PF01352	swissprot	1	1	False	A1_SINGLETON_TOTAL
310.2.1.27	310.2	I1JJQ5_F1_nD5	PF16312	proteomes	1	1	False	A1_SINGLETON_TOTAL
310.2.1.30	310.2	Q8WXD9_F1_nD5	PF16632	swissprot	1	1	False	A1_SINGLETON_TOTAL
314.1.1.18	314.1	Q8WV99_F1_nD2	PF25403	swissprot	1	1	False	A1_SINGLETON_TOTAL
314.1.1.21	314.1	Q9VY72_F1_nD3	PF00096	proteomes	1	1	False	A1_SINGLETON_TOTAL
327.16.1.8	327.16	U7PLD2_F1_nD3	PF05890	proteomes	1	1	False	A1_SINGLETON_TOTAL
327.5.1.8	327.5	Q12275_F1_nD1	PF06464	swissprot	1	1	False	A1_SINGLETON_TOTAL
3297.1.1.17	3297.1	I1L5Z0_F1_nD2	PF02183	proteomes	1	1	False	A1_SINGLETON_TOTAL
3297.1.1.18	3297.1	I1M0I7_F1_nD3	PF18392	proteomes	1	1	False	A1_SINGLETON_TOTAL
3297.1.1.19	3297.1	I1JZ63_F1_nD2	PF05911	proteomes	1	1	False	A1_SINGLETON_TOTAL
3297.1.1.20	3297.1	Q14687_F1_nD3	PF12540	swissprot	1	1	False	A1_SINGLETON_TOTAL
3297.1.1.21	3297.1	Q8IYJ2_F1_nD2	PF15821	swissprot	1	1	False	A1_SINGLETON_TOTAL
3297.1.1.22	3297.1	Q86UF4_F1_nD1	PF15768	swissprot	1	1	False	A1_SINGLETON_TOTAL
3297.1.1.23	3297.1	A0A3Q0KT00_F1_nD3	PF06098	proteomes	1	1	False	A1_SINGLETON_TOTAL
330.17.1.3	330.17	P38341_F1_nD2	PF17050	proteomes	1	1	False	A1_SINGLETON_TOTAL
331.18.1.10	331.18	Q6XHA6_F1_nD7	PF01344	swissprot	1	1	False	A1_SINGLETON_TOTAL
3464.1.1.4	3464.1	A0A0R0K263_F1_nD3	PF27515	proteomes	1	1	False	A1_SINGLETON_TOTAL
3464.1.1.5	3464.1	Q9ZTY1_F1_nD2	PF02987	proteomes	1	1	False	A1_SINGLETON_TOTAL
3473.1.1.8	3473.1	G4VMU1_F1_nD2	PF03839	proteomes	1	1	False	A1_SINGLETON_TOTAL
3479.1.1.3	3479.1	Q9NQ60_F1_nD1	PF15339	swissprot	1	1	False	A1_SINGLETON_TOTAL
3530.1.1.10	3530.1	A0A0R0FJ74_F1_nD2	PF04484	proteomes	1	1	False	A1_SINGLETON_TOTAL
3530.1.1.11	3530.1	A0A0R0F2F5_F1_nD1	PF04615	proteomes	1	1	False	A1_SINGLETON_TOTAL
3530.1.1.12	3530.1	Q5SWA1_F1_nD1	PF10472	swissprot	1	1	False	A1_SINGLETON_TOTAL
3530.1.1.13	3530.1	Q5SWA1_F1_nD2	PF10488	swissprot	1	1	False	A1_SINGLETON_TOTAL
3530.1.1.14	3530.1	C0NJG2_F1_nD2	PF10187	proteomes	1	1	False	A1_SINGLETON_TOTAL
3530.1.1.15	3530.1	C0NG65_F1_nD2	PF04088	proteomes	1	1	False	A1_SINGLETON_TOTAL
3530.1.1.9	3530.1	A0A0R0F519_F1_nD3	PF16712	proteomes	1	1	False	A1_SINGLETON_TOTAL
3602.1.1.12	3602.1	Q6DHV5_F1_nD2	PF17661	swissprot	1	1	False	A1_SINGLETON_TOTAL
3602.1.1.9	3602.1	O43303_F1_nD1	PF16025	swissprot	1	1	False	A1_SINGLETON_TOTAL
3694.1.1.7	3694.1	Q10EC6_F1_nD2	PF03789	swissprot	1	1	False	A1_SINGLETON_TOTAL
3748.1.1.6	3748.1	I1KF64_F1_nD4	PF25114	proteomes	1	1	False	A1_SINGLETON_TOTAL
375.1.1.192	375.1	A0A0P0Y7T5_F1_nD1	PF07503	proteomes	1	1	False	A1_SINGLETON_TOTAL
375.1.1.196	375.1	K0EMW7_F1_nD2	PF02132	proteomes	1	1	False	A1_SINGLETON_TOTAL
3755.3.1.367	3755.3	A0A0R0EV61_F1_nD1	PF07011	proteomes	1	1	False	A1_SINGLETON_TOTAL
3755.3.1.368	3755.3	K7KNF6_F1_nD1	PF00170	proteomes	1	1	False	A1_SINGLETON_TOTAL
3755.3.1.372	3755.3	A0A0R0HMT6_F1_nD1	PF08700	proteomes	1	1	False	A1_SINGLETON_TOTAL
3755.3.1.373	3755.3	A0A0R0KCF2_F1_nD3	PF25237	proteomes	1	1	False	A1_SINGLETON_TOTAL
3755.3.1.376	3755.3	I1NH07_F1_nD5	PF13713	proteomes	1	1	False	A1_SINGLETON_TOTAL
3755.3.1.377	3755.3	Q9NRI5_F1_nD4	PF28234	swissprot	1	1	False	A1_SINGLETON_TOTAL
3755.3.1.378	3755.3	Q8ND24_F1_nD5	PF13639	swissprot	1	1	False	A1_SINGLETON_TOTAL
3755.3.1.379	3755.3	Q14746_F1_nD1	PF06148	swissprot	1	1	False	A1_SINGLETON_TOTAL
3755.3.1.380	3755.3	Q9P0B6_F1_nD1	PF15188	swissprot	1	1	False	A1_SINGLETON_TOTAL
3755.3.1.384	3755.3	Q9H2G9_F1_nD1	PF08227	swissprot	1	1	False	A1_SINGLETON_TOTAL
3755.3.1.387	3755.3	Q96LX7_F1_nD5	PF28454	swissprot	1	1	False	A1_SINGLETON_TOTAL
3755.3.1.390	3755.3	Q86W54_F1_nD1	PF15175	swissprot	1	1	False	A1_SINGLETON_TOTAL
3755.3.1.392	3755.3	Q8TC20_F1_nD1	PF15066	swissprot	1	1	False	A1_SINGLETON_TOTAL
3755.3.1.393	3755.3	Q69YW2_F1_nD1	PF15795	swissprot	1	1	False	A1_SINGLETON_TOTAL
3755.3.1.395	3755.3	Q8N1B4_F1_nD1	PF04129	swissprot	1	1	False	A1_SINGLETON_TOTAL
3755.3.1.396	3755.3	O94986_F1_nD9	PF25770	swissprot	1	1	False	A1_SINGLETON_TOTAL
3755.3.1.397	3755.3	A0A0J9YY54_F1_nD3	PF20864	swissprot	1	1	False	A1_SINGLETON_TOTAL
3755.3.1.398	3755.3	Q9UN81_F1_nD2	PF17489	swissprot	1	1	False	A1_SINGLETON_TOTAL
3755.3.1.401	3755.3	Q0JQY0_F1_nD1	PF06179	proteomes	1	1	False	A1_SINGLETON_TOTAL
3755.3.1.402	3755.3	A0A0P0YAC9_F1_nD1	PF04576	proteomes	1	1	False	A1_SINGLETON_TOTAL
3755.3.1.403	3755.3	Q0D3Z0_F1_nD3	PF14389	proteomes	1	1	False	A1_SINGLETON_TOTAL
3755.3.1.404	3755.3	A0A0P0YC62_F1_nD1	PF07765	proteomes	1	1	False	A1_SINGLETON_TOTAL
3755.3.1.405	3755.3	Q0DEB8_F1_nD2	PF01486	swissprot	1	1	False	A1_SINGLETON_TOTAL
3755.3.1.411	3755.3	Q21270_F1_nD1	PF06419	swissprot	1	1	False	A1_SINGLETON_TOTAL
3755.3.1.415	3755.3	A0A5K4ENR4_F1_nD2	PF28422	proteomes	1	1	False	A1_SINGLETON_TOTAL
3755.3.1.416	3755.3	A0A5K4EEI4_F1_nD3	PF12130	proteomes	1	1	False	A1_SINGLETON_TOTAL
3755.3.1.417	3755.3	A0A3Q0KJN2_F1_nD2	PF10498	proteomes	1	1	False	A1_SINGLETON_TOTAL
3755.3.1.418	3755.3	A0A5K4F6Q1_F1_nD2	PF26561	proteomes	1	1	False	A1_SINGLETON_TOTAL
3755.3.1.419	3755.3	A0A5K4F3Z8_F1_nD4	PF25526	proteomes	1	1	False	A1_SINGLETON_TOTAL
3755.3.1.423	3755.3	Q54CI6_F1_nD1	PF16088	proteomes	1	1	False	A1_SINGLETON_TOTAL
3755.3.1.424	3755.3	Q55DD4_F1_nD9	PF00130	swissprot	1	1	False	A1_SINGLETON_TOTAL
3755.3.1.425	3755.3	Q55DD4_F1_nD10	PF00786	swissprot	1	1	False	A1_SINGLETON_TOTAL
3755.3.1.428	3755.3	Q9VDE6_F1_nD1	PF20651	swissprot	1	1	False	A1_SINGLETON_TOTAL
3755.3.1.429	3755.3	O61735_F1_nD1	PF00010	swissprot	1	1	False	A1_SINGLETON_TOTAL
3755.3.1.430	3755.3	Q9VC70_F1_nD6	PF25977	swissprot	1	1	False	A1_SINGLETON_TOTAL
3755.3.1.431	3755.3	Q4V3S3_F1_nD2	PF15960	proteomes	1	1	False	A1_SINGLETON_TOTAL
3755.3.1.433	3755.3	Q9V435_F1_nD6	PF15934	proteomes	1	1	False	A1_SINGLETON_TOTAL
3755.3.1.434	3755.3	M9PB06_F1_nD2	PF13270	proteomes	1	1	False	A1_SINGLETON_TOTAL
3755.3.1.439	3755.3	A0A077ZEL8_F1_nD4	PF20492	proteomes	1	1	False	A1_SINGLETON_TOTAL
3755.3.1.441	3755.3	A0A077ZB08_F1_nD1	PF26022	proteomes	1	1	False	A1_SINGLETON_TOTAL
3755.3.1.454	3755.3	C0NBG3_F1_nD1	PF10224	proteomes	1	1	False	A1_SINGLETON_TOTAL
3755.3.1.456	3755.3	C0NEZ9_F1_nD2	PF05529	proteomes	1	1	False	A1_SINGLETON_TOTAL
3755.3.1.460	3755.3	P33338_F1_nD8	PF01608	swissprot	1	1	False	A1_SINGLETON_TOTAL
3755.4.1.34	3755.4	K7LLG7_F1_nD2	PF04484	proteomes	1	1	False	A1_SINGLETON_TOTAL
3755.4.1.35	3755.4	K7KHI9_F1_nD1	PF03087	proteomes	1	1	False	A1_SINGLETON_TOTAL
3755.4.1.36	3755.4	I1MFR1_F1_nD5	PF07058	proteomes	1	1	False	A1_SINGLETON_TOTAL
3755.4.1.38	3755.4	Q9HCE0_F1_nD8	PF26103	swissprot	1	1	False	A1_SINGLETON_TOTAL
3755.4.1.39	3755.4	O95810_F1_nD1	PF15237	proteomes	1	1	False	A1_SINGLETON_TOTAL
3755.4.1.42	3755.4	C0NMS1_F1_nD5	PF03915	proteomes	1	1	False	A1_SINGLETON_TOTAL
3758.1.1.38	3758.1	Q9AV13_F1_nD2	PF04484	proteomes	1	1	False	A1_SINGLETON_TOTAL
3758.1.1.49	3758.1	C0NQR4_F1_nD1	PF08595	proteomes	1	1	False	A1_SINGLETON_TOTAL
3758.1.1.50	3758.1	C0NBF9_F1_nD1	PF05064	proteomes	1	1	False	A1_SINGLETON_TOTAL
377.1.1.77	377.1	Q8I7C3_F1_nD3	PF00880	swissprot	1	1	False	A1_SINGLETON_TOTAL
3774.1.1.12	3774.1	P54760_F1_nD3	PF07699	swissprot	1	1	False	A1_SINGLETON_TOTAL
3774.1.1.13	3774.1	Q8N614_F1_nD1	PF15106	swissprot	1	1	False	A1_SINGLETON_TOTAL
3774.1.1.9	3774.1	A2A2V5_F1_nD1	PF15872	swissprot	1	1	False	A1_SINGLETON_TOTAL
3835.1.1.4	3835.1	K7KIS3_F1_nD2	PF12056	proteomes	1	1	False	A1_SINGLETON_TOTAL
3835.1.1.5	3835.1	I1MDR5_F1_nD1	PF04696	proteomes	1	1	False	A1_SINGLETON_TOTAL
3835.1.1.6	3835.1	Q0DVJ5_F1_nD1	PF16594	proteomes	1	1	False	A1_SINGLETON_TOTAL
386.1.1.217	386.1	K7LMQ4_F1_nD1	PF01429	proteomes	1	1	False	A1_SINGLETON_TOTAL
386.1.1.219	386.1	Q6N043_F1_nD6	PF25429	swissprot	1	1	False	A1_SINGLETON_TOTAL
386.1.1.221	386.1	Q96JM2_F1_nD1	PF23223	swissprot	1	1	False	A1_SINGLETON_TOTAL
386.1.1.222	386.1	Q96JM2_F1_nD2	PF23077	swissprot	1	1	False	A1_SINGLETON_TOTAL
386.1.1.224	386.1	P24349_F1_nD1	PF08225	swissprot	1	1	False	A1_SINGLETON_TOTAL
386.1.1.230	386.1	C0NUM0_F1_nD3	PF26176	proteomes	1	1	False	A1_SINGLETON_TOTAL
387.1.5.24	387.1	Q9U350_F1_nD8	PF14625	proteomes	1	1	False	A1_SINGLETON_TOTAL
387.1.5.25	387.1	Q9VL77_F1_nD1	PF10235	proteomes	1	1	False	A1_SINGLETON_TOTAL
387.1.5.26	387.1	U7Q6T5_F1_nD1	PF00172	proteomes	1	1	False	A1_SINGLETON_TOTAL
387.4.1.2	387.4	A0A0P0X5F9_F1_nD1	PF03578	proteomes	1	1	False	A1_SINGLETON_TOTAL
389.1.1.96	389.1	P05106_F1_nD9	PF08725	swissprot	1	1	False	A1_SINGLETON_TOTAL
391.1.1.14	391.1	Q6W4X9_F1_nD3	PF01826	swissprot	1	1	False	A1_SINGLETON_TOTAL
3922.1.1.160	3922.1	I1JJ04_F1_nD2	PF02453	proteomes	1	1	False	A1_SINGLETON_TOTAL
3922.1.1.162	3922.1	A0A0R0KZC9_F1_nD9	PF10344	proteomes	1	1	False	A1_SINGLETON_TOTAL
3922.1.1.164	3922.1	I1KWP9_F1_nD1	PF27881	proteomes	1	1	False	A1_SINGLETON_TOTAL
3922.1.1.165	3922.1	I1LBV4_F1_nD2	PF18031	proteomes	1	1	False	A1_SINGLETON_TOTAL
3922.1.1.166	3922.1	I1JXM1_F1_nD1	PF03134	proteomes	1	1	False	A1_SINGLETON_TOTAL
3922.1.1.168	3922.1	A0A0R0HKZ4_F1_nD1	PF07011	proteomes	1	1	False	A1_SINGLETON_TOTAL
3922.1.1.171	3922.1	I1JLC1_F1_nD5	PF06694	proteomes	1	1	False	A1_SINGLETON_TOTAL
3922.1.1.174	3922.1	P05496_F1_nD1	PF00137	swissprot	1	1	False	A1_SINGLETON_TOTAL
3922.1.1.175	3922.1	Q5T1M5_F1_nD4	PF23649	swissprot	1	1	False	A1_SINGLETON_TOTAL
3922.1.1.176	3922.1	O94964_F1_nD11	PF14818	swissprot	1	1	False	A1_SINGLETON_TOTAL
3922.1.1.177	3922.1	P41219_F1_nD3	PF00038	proteomes	1	1	False	A1_SINGLETON_TOTAL
3922.1.1.178	3922.1	Q8NEH6_F1_nD3	PF13868	swissprot	1	1	False	A1_SINGLETON_TOTAL
3922.1.1.181	3922.1	Q9UHQ4_F1_nD3	PF18035	swissprot	1	1	False	A1_SINGLETON_TOTAL
3922.1.1.182	3922.1	A6NI56_F1_nD5	PF15450	swissprot	1	1	False	A1_SINGLETON_TOTAL
3922.1.1.185	3922.1	Q6ZRK6_F1_nD3	PF15818	swissprot	1	1	False	A1_SINGLETON_TOTAL
3922.1.1.188	3922.1	Q10MZ2_F1_nD1	PF09786	proteomes	1	1	False	A1_SINGLETON_TOTAL
3922.1.1.191	3922.1	A0A0N7KHX3_F1_nD2	PF25398	proteomes	1	1	False	A1_SINGLETON_TOTAL
3922.1.1.198	3922.1	G4VFM1_F1_nD1	PF12998	proteomes	1	1	False	A1_SINGLETON_TOTAL
3922.1.1.199	3922.1	G4VI06_F1_nD1	PF00612	proteomes	1	1	False	A1_SINGLETON_TOTAL
3922.1.1.200	3922.1	A0A5K4EHA0_F1_nD3	PF16471	proteomes	1	1	False	A1_SINGLETON_TOTAL
3922.1.1.201	3922.1	A0A3Q0KMP0_F1_nD6	PF12325	proteomes	1	1	False	A1_SINGLETON_TOTAL
3922.1.1.208	3922.1	Q54RX7_F1_nD1	PF07989	proteomes	1	1	False	A1_SINGLETON_TOTAL
3922.1.1.209	3922.1	Q54JW8_F1_nD1	PF02656	proteomes	1	1	False	A1_SINGLETON_TOTAL
3922.1.1.210	3922.1	Q7K1H9_F1_nD1	PF05267	proteomes	1	1	False	A1_SINGLETON_TOTAL
3922.1.1.212	3922.1	M9ND89_F1_nD3	PF09457	proteomes	1	1	False	A1_SINGLETON_TOTAL
3922.1.1.214	3922.1	Q9VTP5_F1_nD2	PF05914	proteomes	1	1	False	A1_SINGLETON_TOTAL
3922.1.1.218	3922.1	A0A077YX76_F1_nD2	PF09787	proteomes	1	1	False	A1_SINGLETON_TOTAL
3922.1.1.222	3922.1	A0A077ZBB9_F1_nD2	PF15796	proteomes	1	1	False	A1_SINGLETON_TOTAL
3922.1.1.223	3922.1	A0A077Z410_F1_nD1	PF10270	proteomes	1	1	False	A1_SINGLETON_TOTAL
3922.1.1.224	3922.1	A0A077ZI74_F1_nD1	PF15189	proteomes	1	1	False	A1_SINGLETON_TOTAL
3922.1.1.231	3922.1	U7PZB9_F1_nD3	PF04912	proteomes	1	1	False	A1_SINGLETON_TOTAL
3922.1.1.233	3922.1	U7PMJ5_F1_nD3	PF12761	proteomes	1	1	False	A1_SINGLETON_TOTAL
3922.1.1.234	3922.1	C0NEV3_F1_nD7	PF08172	proteomes	1	1	False	A1_SINGLETON_TOTAL
3922.1.1.235	3922.1	C0NHB7_F1_nD5	PF25481	proteomes	1	1	False	A1_SINGLETON_TOTAL
3922.1.1.236	3922.1	C0NYM3_F1_nD3	PF08317	proteomes	1	1	False	A1_SINGLETON_TOTAL
3922.1.1.238	3922.1	C0NPA4_F1_nD2	PF05764	proteomes	1	1	False	A1_SINGLETON_TOTAL
3922.1.1.239	3922.1	K0ERZ6_F1_nD2	PF19297	proteomes	1	1	False	A1_SINGLETON_TOTAL
397.4.1.2	397.4	K7KJK2_F1_nD1	PF05811	proteomes	1	1	False	A1_SINGLETON_TOTAL
4953.1.1.26	4953.1	K0FDE6_F1_nD1	PF04020	proteomes	1	1	False	A1_SINGLETON_TOTAL
4953.2.1.2	4953.2	U7Q3J8_F1_nD1	PF05730	proteomes	1	1	False	A1_SINGLETON_TOTAL
4970.1.1.10	4970.1	Q9NRX6_F1_nD1	PF06842	swissprot	1	1	False	A1_SINGLETON_TOTAL
4970.1.1.12	4970.1	U7PR89_F1_nD1	PF08550	proteomes	1	1	False	A1_SINGLETON_TOTAL
4970.1.1.9	4970.1	Q7Z3C6_F1_nD2	PF04109	swissprot	1	1	False	A1_SINGLETON_TOTAL
4986.1.1.2	4986.1	Q5BI42_F1_nD6	PF27776	swissprot	1	1	False	A1_SINGLETON_TOTAL
4992.1.1.14	4992.1	C6TKR8_F1_nD1	PF27594	proteomes	1	1	False	A1_SINGLETON_TOTAL
4992.1.1.15	4992.1	I1LQ54_F1_nD2	PF03134	proteomes	1	1	False	A1_SINGLETON_TOTAL
4992.1.1.16	4992.1	Q5TKA1_F1_nD1	PF06584	swissprot	1	1	False	A1_SINGLETON_TOTAL
4992.1.1.18	4992.1	A0A5K4ED68_F1_nD1	PF01027	proteomes	1	1	False	A1_SINGLETON_TOTAL
4992.1.1.19	4992.1	A0A077ZBY3_F1_nD1	PF10475	proteomes	1	1	False	A1_SINGLETON_TOTAL
4992.1.1.20	4992.1	C0NBN8_F1_nD1	PF02109	proteomes	1	1	False	A1_SINGLETON_TOTAL
4992.1.1.21	4992.1	C0NZX7_F1_nD1	PF04133	proteomes	1	1	False	A1_SINGLETON_TOTAL
5.1.12.4	5.1	Q55GJ2_F1_nD3	PF06479	swissprot	1	1	False	A1_SINGLETON_TOTAL
5.1.4.232	5.1	P53621_F1_nD4	PF06957	swissprot	1	1	False	A1_SINGLETON_TOTAL
5.1.4.246	5.1	P36130_F1_nD2	PF11615	swissprot	1	1	False	A1_SINGLETON_TOTAL
5.1.4.247	5.1	P38129_F1_nD1	PF08513	swissprot	1	1	False	A1_SINGLETON_TOTAL
5001.1.1.107	5001.1	I1MQZ1_F1_nD1	PF05421	proteomes	1	1	False	A1_SINGLETON_TOTAL
5014.1.1.6	5014.1	Q86MP2_F1_nD1	PF01484	proteomes	1	1	False	A1_SINGLETON_TOTAL
5014.1.1.7	5014.1	Q9VRL2_F1_nD2	PF12352	swissprot	1	1	False	A1_SINGLETON_TOTAL
5040.1.1.10	5040.1	K7KF72_F1_nD1	PF08137	proteomes	1	1	False	A1_SINGLETON_TOTAL
5040.1.1.11	5040.1	I1JLC1_F1_nD2	PF06694	proteomes	1	1	False	A1_SINGLETON_TOTAL
5040.1.1.9	5040.1	I1LI25_F1_nD3	PF06911	proteomes	1	1	False	A1_SINGLETON_TOTAL
5043.2.1.3	5043.2	Q5TGZ0_F1_nD1	PF04418	swissprot	1	1	False	A1_SINGLETON_TOTAL
5043.2.1.4	5043.2	A0A3Q0KDE8_F1_nD1	PF06703	proteomes	1	1	False	A1_SINGLETON_TOTAL
5043.2.1.6	5043.2	A0A077Z2V5_F1_nD1	PF06645	proteomes	1	1	False	A1_SINGLETON_TOTAL
5050.1.1.51	5050.1	K0F635_F1_nD2	PF02554	proteomes	1	1	False	A1_SINGLETON_TOTAL
5086.1.1.125	5086.1	K7KSN8_F1_nD6	PF05911	proteomes	1	1	False	A1_SINGLETON_TOTAL
5086.1.1.130	5086.1	I1JPP2_F1_nD1	PF08137	proteomes	1	1	False	A1_SINGLETON_TOTAL
5086.1.1.133	5086.1	A0A0R0KAQ6_F1_nD1	PF05700	proteomes	1	1	False	A1_SINGLETON_TOTAL
5086.1.1.134	5086.1	I1N3S1_F1_nD2	PF08880	proteomes	1	1	False	A1_SINGLETON_TOTAL
5086.1.1.136	5086.1	A0A0R0KMH2_F1_nD1	PF07526	proteomes	1	1	False	A1_SINGLETON_TOTAL
5086.1.1.138	5086.1	A0A0R0J3R4_F1_nD1	PF03030	proteomes	1	1	False	A1_SINGLETON_TOTAL
5086.1.1.141	5086.1	K7N5E1_F1_nD2	PF24670	proteomes	1	1	False	A1_SINGLETON_TOTAL
5086.1.1.144	5086.1	Q8N6L0_F1_nD2	PF14662	swissprot	1	1	False	A1_SINGLETON_TOTAL
5086.1.1.145	5086.1	P52732_F1_nD4	PF13931	swissprot	1	1	False	A1_SINGLETON_TOTAL
5086.1.1.149	5086.1	A0A0P0Y9Z4_F1_nD3	PF15249	proteomes	1	1	False	A1_SINGLETON_TOTAL
5086.1.1.151	5086.1	H2KYP0_F1_nD1	PF10226	swissprot	1	1	False	A1_SINGLETON_TOTAL
5086.1.1.152	5086.1	A0A5K4F6Q6_F1_nD3	PF27557	proteomes	1	1	False	A1_SINGLETON_TOTAL
5086.1.1.153	5086.1	G4VBY8_F1_nD1	PF08122	proteomes	1	1	False	A1_SINGLETON_TOTAL
5086.1.1.155	5086.1	A0A146MG44_F1_nD2	PF13270	proteomes	1	1	False	A1_SINGLETON_TOTAL
5086.1.1.161	5086.1	Q552Y8_F1_nD1	PF18265	swissprot	1	1	False	A1_SINGLETON_TOTAL
5086.1.1.162	5086.1	A8JNK4_F1_nD3	PF25610	proteomes	1	1	False	A1_SINGLETON_TOTAL
5086.1.1.163	5086.1	Q9XZ11_F1_nD6	PF08590	proteomes	1	1	False	A1_SINGLETON_TOTAL
5086.1.1.165	5086.1	Q9W3J8_F1_nD8	PF14775	swissprot	1	1	False	A1_SINGLETON_TOTAL
5086.1.1.167	5086.1	Q9VMP7_F1_nD1	PF05306	proteomes	1	1	False	A1_SINGLETON_TOTAL
5086.1.1.168	5086.1	Q9VVD0_F1_nD2	PF15619	proteomes	1	1	False	A1_SINGLETON_TOTAL
5086.1.1.178	5086.1	U7PTP9_F1_nD1	PF17111	proteomes	1	1	False	A1_SINGLETON_TOTAL
5086.1.1.181	5086.1	C0NR47_F1_nD1	PF11500	proteomes	1	1	False	A1_SINGLETON_TOTAL
5086.1.1.186	5086.1	P25386_F1_nD15	PF04871	swissprot	1	1	False	A1_SINGLETON_TOTAL
5088.1.1.1	5088.1	U7PU59_F1_nD1	PF00172	proteomes	1	1	False	A1_SINGLETON_TOTAL
601.1.1.62	601.1	I1K8M2_F1_nD2	PF02990	proteomes	1	1	False	A1_SINGLETON_TOTAL
601.1.1.65	601.1	I1J8J9_F1_nD2	PF06911	proteomes	1	1	False	A1_SINGLETON_TOTAL
601.1.1.67	601.1	Q14526_F1_nD5	PF00096	swissprot	1	1	False	A1_SINGLETON_TOTAL
601.19.1.25	601.19	K7L0F9_F1_nD1	PF27594	proteomes	1	1	False	A1_SINGLETON_TOTAL
601.33.1.9	601.33	U7PLU5_F1_nD1	PF11034	proteomes	1	1	False	A1_SINGLETON_TOTAL
601.42.1.2	601.42	Q9HBD1_F1_nD5	PF00642	swissprot	1	1	False	A1_SINGLETON_TOTAL
604.1.1.108	604.1	K7KZW6_F1_nD1	PF06760	proteomes	1	1	False	A1_SINGLETON_TOTAL
604.1.1.109	604.1	A0A0R0GH40_F1_nD1	PF01105	proteomes	1	1	False	A1_SINGLETON_TOTAL
604.1.1.110	604.1	K7LXQ5_F1_nD1	PF26581	proteomes	1	1	False	A1_SINGLETON_TOTAL
604.1.1.117	604.1	A0A3Q0KUC7_F1_nD2	PF07527	proteomes	1	1	False	A1_SINGLETON_TOTAL
604.1.1.120	604.1	Q55FU3_F1_nD1	PF10152	swissprot	1	1	False	A1_SINGLETON_TOTAL
604.1.1.121	604.1	Q54HG2_F1_nD3	PF09304	swissprot	1	1	False	A1_SINGLETON_TOTAL
604.1.1.131	604.1	P40577_F1_nD1	PF05841	swissprot	1	1	False	A1_SINGLETON_TOTAL
604.27.1.3	604.27	Q8WVH0_F1_nD1	PF05835	swissprot	1	1	False	A1_SINGLETON_TOTAL
604.37.1.2	604.37	Q96JN2_F1_nD7	PF28341	swissprot	1	1	False	A1_SINGLETON_TOTAL
604.6.1.18	604.6	A0A0R0HRA1_F1_nD1	PF26664	proteomes	1	1	False	A1_SINGLETON_TOTAL
604.6.1.19	604.6	I1NAF3_F1_nD1	PF07200	proteomes	1	1	False	A1_SINGLETON_TOTAL
604.6.1.20	604.6	O75935_F1_nD2	PF07426	swissprot	1	1	False	A1_SINGLETON_TOTAL
604.6.1.21	604.6	O75886_F1_nD2	PF02809	swissprot	1	1	False	A1_SINGLETON_TOTAL
605.1.1.114	605.1	A0A0R0KYT6_F1_nD1	PF11152	proteomes	1	1	False	A1_SINGLETON_TOTAL
605.1.1.116	605.1	Q9HBM0_F1_nD1	PF12632	swissprot	1	1	False	A1_SINGLETON_TOTAL
605.1.1.117	605.1	A6NGG8_F1_nD1	PF15449	swissprot	1	1	False	A1_SINGLETON_TOTAL
605.1.1.119	605.1	A0A3Q0KH19_F1_nD1	PF04201	proteomes	1	1	False	A1_SINGLETON_TOTAL
605.1.1.120	605.1	A0A0S0WGS4_F1_nD1	PF23670	proteomes	1	1	False	A1_SINGLETON_TOTAL
605.1.1.121	605.1	Q7KRS9_F1_nD4	PF23460	proteomes	1	1	False	A1_SINGLETON_TOTAL
6051.4.1.1	6051.4	K7KER1_F1_nD1	PF07839	proteomes	1	1	False	A1_SINGLETON_TOTAL
6051.4.1.2	6051.4	A8JRE2_F1_nD1	PF11779	proteomes	1	1	False	A1_SINGLETON_TOTAL
6051.7.1.1	6051.7	Q8NDB2_F1_nD4	PF28470	swissprot	1	1	False	A1_SINGLETON_TOTAL
606.1.1.11	606.1	K7LDA5_F1_nD1	PF06246	proteomes	1	1	False	A1_SINGLETON_TOTAL
606.1.1.9	606.1	A0A0R0J2L9_F1_nD2	PF01025	proteomes	1	1	False	A1_SINGLETON_TOTAL
6074.1.1.10	6074.1	A0A0P0VMN8_F1_nD1	PF03087	proteomes	1	1	False	A1_SINGLETON_TOTAL
6074.1.1.11	6074.1	A0A0C4DHF6_F1_nD7	PF05454	proteomes	1	1	False	A1_SINGLETON_TOTAL
6074.1.1.8	6074.1	I1LB62_F1_nD1	PF12023	proteomes	1	1	False	A1_SINGLETON_TOTAL
6074.1.1.9	6074.1	Q9NWH2_F1_nD2	PF07096	swissprot	1	1	False	A1_SINGLETON_TOTAL
6128.1.1.1	6128.1	Q9H6L5_F1_nD3	PF24456	proteomes	1	1	False	A1_SINGLETON_TOTAL
614.1.1.12	614.1	O18118_F1_nD3	PF02363	proteomes	1	1	False	A1_SINGLETON_TOTAL
6170.1.1.10	6170.1	K7MCE3_F1_nD2	PF28424	proteomes	1	1	False	A1_SINGLETON_TOTAL
6170.1.1.13	6170.1	E9PJ23_F1_nD3	PF06409	swissprot	1	1	False	A1_SINGLETON_TOTAL
6170.1.1.14	6170.1	Q21827_F1_nD1	PF26093	swissprot	1	1	False	A1_SINGLETON_TOTAL
6170.1.1.15	6170.1	G5EGE8_F1_nD1	PF16501	proteomes	1	1	False	A1_SINGLETON_TOTAL
6170.1.1.16	6170.1	P02564_F1_nD4	PF01576	swissprot	1	1	False	A1_SINGLETON_TOTAL
6170.1.1.18	6170.1	G4V992_F1_nD1	PF10197	proteomes	1	1	False	A1_SINGLETON_TOTAL
6170.1.1.19	6170.1	Q54HP1_F1_nD3	PF00249	swissprot	1	1	False	A1_SINGLETON_TOTAL
6170.1.1.20	6170.1	U7PTV0_F1_nD2	PF04508	proteomes	1	1	False	A1_SINGLETON_TOTAL
6170.1.1.8	6170.1	K7N3N8_F1_nD1	PF04979	proteomes	1	1	False	A1_SINGLETON_TOTAL
6170.1.1.9	6170.1	K7L3Z8_F1_nD1	PF05421	proteomes	1	1	False	A1_SINGLETON_TOTAL
632.1.1.15	632.1	I1J939_F1_nD1	PF05659	proteomes	1	1	False	A1_SINGLETON_TOTAL
632.2.1.23	632.2	Q9W3C9_F1_nD2	PF21054	proteomes	1	1	False	A1_SINGLETON_TOTAL
632.26.1.1	632.26	Q9H4Z3_F1_nD1	PF00397	swissprot	1	1	False	A1_SINGLETON_TOTAL
632.3.1.11	632.3	P32580_F1_nD5	PF12513	swissprot	1	1	False	A1_SINGLETON_TOTAL
633.12.1.10	633.12	I1JP38_F1_nD1	PF05553	proteomes	1	1	False	A1_SINGLETON_TOTAL
633.12.1.15	633.12	A0A077ZGK4_F1_nD1	PF05859	proteomes	1	1	False	A1_SINGLETON_TOTAL
633.16.1.5	633.16	Q8BFT2_F1_nD3	PF14735	swissprot	1	1	False	A1_SINGLETON_TOTAL
7002.1.1.3	7002.1	I1LEJ2_F1_nD2	PF12263	proteomes	1	1	False	A1_SINGLETON_TOTAL
7002.1.1.4	7002.1	Q9Y6A9_F1_nD1	PF06645	swissprot	1	1	False	A1_SINGLETON_TOTAL
7002.1.1.6	7002.1	Q69J35_F1_nD1	PF05421	proteomes	1	1	False	A1_SINGLETON_TOTAL
7005.1.1.3	7005.1	Q9H0F6_F1_nD4	PF00641	swissprot	1	1	False	A1_SINGLETON_TOTAL
7010.1.1.2	7010.1	A0A0N7KFN6_F1_nD1	PF01133	proteomes	1	1	False	A1_SINGLETON_TOTAL
7010.1.1.3	7010.1	U7PTB9_F1_nD3	PF13422	proteomes	1	1	False	A1_SINGLETON_TOTAL
7015.1.1.3	7015.1	A0A0R0EZ62_F1_nD2	PF02453	proteomes	1	1	False	A1_SINGLETON_TOTAL
7015.1.1.5	7015.1	A0A0P0Y1I9_F1_nD1	PF07297	proteomes	1	1	False	A1_SINGLETON_TOTAL
7015.1.1.9	7015.1	K0EVY2_F1_nD1	PF04120	proteomes	1	1	False	A1_SINGLETON_TOTAL
7023.1.1.5	7023.1	A0A0R0IKF9_F1_nD6	PF03169	proteomes	1	1	False	A1_SINGLETON_TOTAL
7100.1.1.2	7100.1	Q86UW2_F1_nD1	PF15048	swissprot	1	1	False	A1_SINGLETON_TOTAL
7100.1.1.3	7100.1	Q54CZ8_F1_nD2	PF09451	proteomes	1	1	False	A1_SINGLETON_TOTAL
854.1.1.2	854.1	A0A077YYX8_F1_nD3	PF07763	proteomes	1	1	False	A1_SINGLETON_TOTAL
854.1.1.3	854.1	C0NXF5_F1_nD1	PF05234	proteomes	1	1	False	A1_SINGLETON_TOTAL
906.1.1.35	906.1	Q84SL2_F1_nD2	PF25512	swissprot	1	1	False	A1_SINGLETON_TOTAL
906.1.1.36	906.1	A0A3Q0KT51_F1_nD1	PF25585	proteomes	1	1	False	A1_SINGLETON_TOTAL
192.8.1.210	192.8	P08730_F1_nD1	PF00038	swissprot	1	124	False	A2_SINGLETON_REP_MULTI_ASSIGNED
192.8.1.211	192.8	K7N091_F1_nD1	PF00170	proteomes	1	26	False	A2_SINGLETON_REP_MULTI_ASSIGNED
3749.1.1.5	3749.1	I1N780_F1_nD4	PF25983	proteomes	1	17	False	A2_SINGLETON_REP_MULTI_ASSIGNED
5086.1.1.87	5086.1	Q9VJY8_F1_nD1	PF12998	proteomes	1	15	False	A2_SINGLETON_REP_MULTI_ASSIGNED
109.26.1.7	109.26	P52742_F1_nD11	PF00096	swissprot	1	13	False	A2_SINGLETON_REP_MULTI_ASSIGNED
375.1.1.178	375.1	I1LTY4_F1_nD1	PF24747	proteomes	1	13	False	A2_SINGLETON_REP_MULTI_ASSIGNED
3755.3.1.281	3755.3	P49455_F1_nD1	PF00261	swissprot	1	13	False	A2_SINGLETON_REP_MULTI_ASSIGNED
3297.1.1.11	3297.1	A0A0R0IX28_F1_nD2	PF01486	proteomes	1	12	False	A2_SINGLETON_REP_MULTI_ASSIGNED
3755.3.1.283	3755.3	Q8BHN1_F1_nD1	PF09728	swissprot	1	12	False	A2_SINGLETON_REP_MULTI_ASSIGNED
3755.3.1.282	3755.3	O94876_F1_nD3	PF10267	swissprot	1	11	False	A2_SINGLETON_REP_MULTI_ASSIGNED
304.9.1.72	304.9	Q9C0F3_F1_nD6	PF00096	swissprot	1	10	False	A2_SINGLETON_REP_MULTI_ASSIGNED
604.1.1.91	604.1	O60765_F1_nD5	PF00096	swissprot	1	10	False	A2_SINGLETON_REP_MULTI_ASSIGNED
3922.1.1.127	3922.1	Q10P54_F1_nD1	PF05911	proteomes	1	9	False	A2_SINGLETON_REP_MULTI_ASSIGNED
192.8.1.216	192.8	I1JPY3_F1_nD1	PF04949	proteomes	1	8	False	A2_SINGLETON_REP_MULTI_ASSIGNED
3297.1.1.12	3297.1	P18289_F1_nD1	PF00170	swissprot	1	8	False	A2_SINGLETON_REP_MULTI_ASSIGNED
3755.3.1.291	3755.3	Q15007_F1_nD3	PF17098	swissprot	1	8	False	A2_SINGLETON_REP_MULTI_ASSIGNED
3755.3.1.294	3755.3	F8WFD2_F1_nD2	PF06409	swissprot	1	7	False	A2_SINGLETON_REP_MULTI_ASSIGNED
5086.1.1.101	5086.1	A0A077Z0F1_F1_nD4	PF05276	proteomes	1	7	False	A2_SINGLETON_REP_MULTI_ASSIGNED
101.1.11.85	101.1	K7KER1_F1_nD3	PF07839	proteomes	1	6	False	A2_SINGLETON_REP_MULTI_ASSIGNED
192.8.1.225	192.8	Q8CHD8_F1_nD2	PF25450	swissprot	1	6	False	A2_SINGLETON_REP_MULTI_ASSIGNED
3755.3.1.286	3755.3	Q9BX97_F1_nD6	PF06637	swissprot	1	6	False	A2_SINGLETON_REP_MULTI_ASSIGNED
3755.3.1.287	3755.3	Q9ULJ1_F1_nD3	PF27605	swissprot	1	6	False	A2_SINGLETON_REP_MULTI_ASSIGNED
3755.3.1.292	3755.3	K7KSE7_F1_nD1	PF07526	proteomes	1	6	False	A2_SINGLETON_REP_MULTI_ASSIGNED
3755.3.1.300	3755.3	K7KHY4_F1_nD1	PF05701	proteomes	1	6	False	A2_SINGLETON_REP_MULTI_ASSIGNED
3755.3.1.306	3755.3	Q9W1F4_F1_nD3	PF09766	swissprot	1	6	False	A2_SINGLETON_REP_MULTI_ASSIGNED
386.1.1.207	386.1	A0A0R0GP21_F1_nD1	PF26664	proteomes	1	6	False	A2_SINGLETON_REP_MULTI_ASSIGNED
601.20.1.4	601.20	Q04746_F1_nD4	PF04163	swissprot	1	6	False	A2_SINGLETON_REP_MULTI_ASSIGNED
192.8.1.220	192.8	G4VFB0_F1_nD2	PF14772	proteomes	1	5	False	A2_SINGLETON_REP_MULTI_ASSIGNED
3297.1.1.13	3297.1	P04264_F1_nD2	PF00038	swissprot	1	5	False	A2_SINGLETON_REP_MULTI_ASSIGNED
3755.3.1.19	3755.3	Q8N2N9_F1_nD3	PF14915	swissprot	1	5	False	A2_SINGLETON_REP_MULTI_ASSIGNED
3755.3.1.28	3755.3	O15083_F1_nD5	PF10174	swissprot	1	5	False	A2_SINGLETON_REP_MULTI_ASSIGNED
3755.3.1.296	3755.3	Q9Y608_F1_nD3	PF09738	swissprot	1	5	False	A2_SINGLETON_REP_MULTI_ASSIGNED
3922.1.1.128	3922.1	I1JDH8_F1_nD5	PF07058	proteomes	1	5	False	A2_SINGLETON_REP_MULTI_ASSIGNED
5.1.4.225	5.1	Q9P283_F1_nD7	PF00090	swissprot	1	5	False	A2_SINGLETON_REP_MULTI_ASSIGNED
101.1.2.459	101.1	A0A0P0WU77_F1_nD1	PF02042	proteomes	1	4	False	A2_SINGLETON_REP_MULTI_ASSIGNED
192.8.1.221	192.8	I1MVH5_F1_nD1	PF27881	proteomes	1	4	False	A2_SINGLETON_REP_MULTI_ASSIGNED
192.8.1.223	192.8	I1LYR2_F1_nD3	PF00612	proteomes	1	4	False	A2_SINGLETON_REP_MULTI_ASSIGNED
192.8.1.229	192.8	I1NEV1_F1_nD1	PF28496	proteomes	1	4	False	A2_SINGLETON_REP_MULTI_ASSIGNED
192.8.1.232	192.8	Q91Z80_F1_nD2	PF25526	swissprot	1	4	False	A2_SINGLETON_REP_MULTI_ASSIGNED
192.8.1.237	192.8	A0A368UM14_F1_nD2	PF01486	proteomes	1	4	False	A2_SINGLETON_REP_MULTI_ASSIGNED
192.8.1.248	192.8	B7ZNG0_F1_nD3	PF25764	swissprot	1	4	False	A2_SINGLETON_REP_MULTI_ASSIGNED
192.8.1.258	192.8	A0A077Z3T9_F1_nD1	PF27558	proteomes	1	4	False	A2_SINGLETON_REP_MULTI_ASSIGNED
3755.3.1.301	3755.3	Q5EBL4_F1_nD3	PF11461	swissprot	1	4	False	A2_SINGLETON_REP_MULTI_ASSIGNED
3755.3.1.307	3755.3	Q9VBL8_F1_nD1	PF05335	proteomes	1	4	False	A2_SINGLETON_REP_MULTI_ASSIGNED
3755.3.1.315	3755.3	Q5BJF6_F1_nD3	PF27578	swissprot	1	4	False	A2_SINGLETON_REP_MULTI_ASSIGNED
3755.3.1.319	3755.3	A0A0N7KHX3_F1_nD7	PF08172	proteomes	1	4	False	A2_SINGLETON_REP_MULTI_ASSIGNED
3755.3.1.438	3755.3	A0A077ZHN8_F1_nD6	PF00015	proteomes	1	4	False	A2_SINGLETON_REP_MULTI_ASSIGNED
3755.4.1.28	3755.4	Q04431_F1_nD3	PF17097	swissprot	1	4	False	A2_SINGLETON_REP_MULTI_ASSIGNED
386.1.1.220	386.1	Q8WW38_F1_nD9	PF25445	swissprot	1	4	False	A2_SINGLETON_REP_MULTI_ASSIGNED
3922.1.1.131	3922.1	O94964_F1_nD5	PF11365	swissprot	1	4	False	A2_SINGLETON_REP_MULTI_ASSIGNED
3922.1.1.142	3922.1	A0A0R0JHB3_F1_nD4	PF27724	proteomes	1	4	False	A2_SINGLETON_REP_MULTI_ASSIGNED
5086.1.1.95	5086.1	C6TKY8_F1_nD1	PF10270	proteomes	1	4	False	A2_SINGLETON_REP_MULTI_ASSIGNED
5086.1.1.97	5086.1	Q6ZW33_F1_nD1	PF12130	swissprot	1	4	False	A2_SINGLETON_REP_MULTI_ASSIGNED
5086.1.1.98	5086.1	Q9ULS5_F1_nD2	PF10267	swissprot	1	4	False	A2_SINGLETON_REP_MULTI_ASSIGNED
101.1.11.86	101.1	I1L947_F1_nD1	PF09350	proteomes	1	3	False	A2_SINGLETON_REP_MULTI_ASSIGNED
103.1.1.64	103.1	Q9P2K3_F1_nD3	PF20878	swissprot	1	3	False	A2_SINGLETON_REP_MULTI_ASSIGNED
103.1.1.65	103.1	Q9H0D2_F1_nD2	PF00096	swissprot	1	3	False	A2_SINGLETON_REP_MULTI_ASSIGNED
1134.1.1.8	1134.1	Q9NZ43_F1_nD3	PF09753	swissprot	1	3	False	A2_SINGLETON_REP_MULTI_ASSIGNED
192.29.1.121	192.29	Q9NPJ6_F1_nD3	PF10018	swissprot	1	3	False	A2_SINGLETON_REP_MULTI_ASSIGNED
192.29.1.122	192.29	Q96C34_F1_nD3	PF26030	swissprot	1	3	False	A2_SINGLETON_REP_MULTI_ASSIGNED
207.1.1.117	207.1	A0A0J9YWL9_F1_nD3	PF20868	swissprot	1	3	False	A2_SINGLETON_REP_MULTI_ASSIGNED
2492.1.1.38	2492.1	Q95QZ9_F1_nD2	PF05020	swissprot	1	3	False	A2_SINGLETON_REP_MULTI_ASSIGNED
304.8.1.56	304.8	B9FXT3_F1_nD1	PF00010	swissprot	1	3	False	A2_SINGLETON_REP_MULTI_ASSIGNED
3273.1.1.3	3273.1	B6VQ93_F1_nD6	PF02363	proteomes	1	3	False	A2_SINGLETON_REP_MULTI_ASSIGNED
3297.1.1.15	3297.1	Q4VCS5_F1_nD3	PF12240	swissprot	1	3	False	A2_SINGLETON_REP_MULTI_ASSIGNED
3464.1.1.3	3464.1	C6SZR5_F1_nD1	PF27970	proteomes	1	3	False	A2_SINGLETON_REP_MULTI_ASSIGNED
3530.1.1.6	3530.1	I1KFG1_F1_nD1	PF06364	proteomes	1	3	False	A2_SINGLETON_REP_MULTI_ASSIGNED
3755.3.1.313	3755.3	A6NE01_F1_nD3	PF20870	swissprot	1	3	False	A2_SINGLETON_REP_MULTI_ASSIGNED
3755.3.1.314	3755.3	O95229_F1_nD3	PF15556	swissprot	1	3	False	A2_SINGLETON_REP_MULTI_ASSIGNED
3755.3.1.318	3755.3	Q96AQ8_F1_nD2	PF07798	swissprot	1	3	False	A2_SINGLETON_REP_MULTI_ASSIGNED
3755.3.1.325	3755.3	Q08581_F1_nD9	PF12709	swissprot	1	3	False	A2_SINGLETON_REP_MULTI_ASSIGNED
3755.3.1.326	3755.3	K0ES52_F1_nD2	PF11887	proteomes	1	3	False	A2_SINGLETON_REP_MULTI_ASSIGNED
3755.3.1.330	3755.3	I1MFR1_F1_nD2	PF07058	proteomes	1	3	False	A2_SINGLETON_REP_MULTI_ASSIGNED
3755.3.1.335	3755.3	Q9ULD2_F1_nD3	PF27558	proteomes	1	3	False	A2_SINGLETON_REP_MULTI_ASSIGNED
3755.3.1.340	3755.3	Q8TBF8_F1_nD1	PF28217	swissprot	1	3	False	A2_SINGLETON_REP_MULTI_ASSIGNED
3755.3.1.349	3755.3	U7PS03_F1_nD1	PF05064	proteomes	1	3	False	A2_SINGLETON_REP_MULTI_ASSIGNED
3755.3.1.412	3755.3	Q0WVL7_F1_nD3	PF12329	swissprot	1	3	False	A2_SINGLETON_REP_MULTI_ASSIGNED
3755.4.1.29	3755.4	I1K802_F1_nD2	PF09766	proteomes	1	3	False	A2_SINGLETON_REP_MULTI_ASSIGNED
3922.1.1.134	3922.1	Q69Q88_F1_nD1	PF18265	proteomes	1	3	False	A2_SINGLETON_REP_MULTI_ASSIGNED
3922.1.1.135	3922.1	K7KJ54_F1_nD1	PF07765	proteomes	1	3	False	A2_SINGLETON_REP_MULTI_ASSIGNED
3922.1.1.136	3922.1	C0NQ31_F1_nD10	PF01608	proteomes	1	3	False	A2_SINGLETON_REP_MULTI_ASSIGNED
3922.1.1.144	3922.1	K7M5L2_F1_nD1	PF05701	proteomes	1	3	False	A2_SINGLETON_REP_MULTI_ASSIGNED
3922.1.1.149	3922.1	V6CLK4_F1_nD2	PF02888	proteomes	1	3	False	A2_SINGLETON_REP_MULTI_ASSIGNED
397.7.1.2	397.7	Q2R223_F1_nD5	PF14861	proteomes	1	3	False	A2_SINGLETON_REP_MULTI_ASSIGNED
5086.1.1.103	5086.1	O75781_F1_nD1	PF03285	swissprot	1	3	False	A2_SINGLETON_REP_MULTI_ASSIGNED
5086.1.1.104	5086.1	Q8N3L3_F1_nD2	PF09728	swissprot	1	3	False	A2_SINGLETON_REP_MULTI_ASSIGNED
589.1.1.3	589.1	O15078_F1_nD19	PF16574	swissprot	1	3	False	A2_SINGLETON_REP_MULTI_ASSIGNED
601.19.1.22	601.19	Q10DD6_F1_nD1	PF07526	proteomes	1	3	False	A2_SINGLETON_REP_MULTI_ASSIGNED
633.12.1.8	633.12	Q9HCU9_F1_nD1	PF08598	swissprot	1	3	False	A2_SINGLETON_REP_MULTI_ASSIGNED
101.1.1.246	101.1	G5EBU4_F1_nD1	PF00096	swissprot	1	2	False	A2_SINGLETON_REP_MULTI_ASSIGNED
101.1.11.88	101.1	Q9NQL9_F1_nD1	PF00751	swissprot	1	2	False	A2_SINGLETON_REP_MULTI_ASSIGNED
103.1.1.66	103.1	U7PWY1_F1_nD1	PF07798	proteomes	1	2	False	A2_SINGLETON_REP_MULTI_ASSIGNED
1073.1.1.11	1073.1	Q6AWC2_F1_nD4	PF25802	swissprot	1	2	False	A2_SINGLETON_REP_MULTI_ASSIGNED
109.3.1.135	109.3	A8DYE2_F1_nD5	PF16519	swissprot	1	2	False	A2_SINGLETON_REP_MULTI_ASSIGNED
11.1.1.797	11.1	Q9NR61_F1_nD4	PF21700	swissprot	1	2	False	A2_SINGLETON_REP_MULTI_ASSIGNED
11.1.1.799	11.1	P91390_F1_nD3	PF25147	swissprot	1	2	False	A2_SINGLETON_REP_MULTI_ASSIGNED
1134.1.2.10	1134.1	I1JEI8_F1_nD2	PF01486	proteomes	1	2	False	A2_SINGLETON_REP_MULTI_ASSIGNED
1134.1.2.8	1134.1	I1N639_F1_nD2	PF02183	proteomes	1	2	False	A2_SINGLETON_REP_MULTI_ASSIGNED
1164.1.1.1	1164.1	I1KS18_F1_nD4	PF05755	proteomes	1	2	False	A2_SINGLETON_REP_MULTI_ASSIGNED
1178.1.1.2	1178.1	Q9Y3C0_F1_nD1	PF10152	swissprot	1	2	False	A2_SINGLETON_REP_MULTI_ASSIGNED
148.1.3.185	148.1	A0A3Q0KP31_F1_nD1	PF05483	proteomes	1	2	False	A2_SINGLETON_REP_MULTI_ASSIGNED
192.1.1.17	192.1	U7Q842_F1_nD2	PF02185	proteomes	1	2	False	A2_SINGLETON_REP_MULTI_ASSIGNED
192.10.1.5	192.10	A0A5K4EQH2_F1_nD3	PF26050	proteomes	1	2	False	A2_SINGLETON_REP_MULTI_ASSIGNED
192.8.1.14	192.8	Q80ST9_F1_nD2	PF15619	swissprot	1	2	False	A2_SINGLETON_REP_MULTI_ASSIGNED
192.8.1.238	192.8	K7LEQ8_F1_nD5	PF08172	proteomes	1	2	False	A2_SINGLETON_REP_MULTI_ASSIGNED
192.8.1.239	192.8	C0NCD7_F1_nD3	PF28231	proteomes	1	2	False	A2_SINGLETON_REP_MULTI_ASSIGNED
192.8.1.240	192.8	Q8IUC4_F1_nD1	PF02185	swissprot	1	2	False	A2_SINGLETON_REP_MULTI_ASSIGNED
192.8.1.244	192.8	Q96M95_F1_nD1	PF13863	swissprot	1	2	False	A2_SINGLETON_REP_MULTI_ASSIGNED
192.8.1.246	192.8	Q6ZU80_F1_nD7	PF28367	swissprot	1	2	False	A2_SINGLETON_REP_MULTI_ASSIGNED
192.8.1.249	192.8	B7E6Z9_F1_nD1	PF07889	proteomes	1	2	False	A2_SINGLETON_REP_MULTI_ASSIGNED
192.8.1.251	192.8	A0A3Q0KRX9_F1_nD2	PF16046	proteomes	1	2	False	A2_SINGLETON_REP_MULTI_ASSIGNED
192.8.1.253	192.8	C0NRL2_F1_nD1	PF08232	proteomes	1	2	False	A2_SINGLETON_REP_MULTI_ASSIGNED
192.8.1.271	192.8	I1N4R3_F1_nD2	PF14817	proteomes	1	2	False	A2_SINGLETON_REP_MULTI_ASSIGNED
192.8.1.275	192.8	Q6ZNE9_F1_nD2	PF25366	swissprot	1	2	False	A2_SINGLETON_REP_MULTI_ASSIGNED
192.8.1.282	192.8	A3KGV1_F1_nD6	PF27605	swissprot	1	2	False	A2_SINGLETON_REP_MULTI_ASSIGNED
192.8.1.289	192.8	A0A3Q0KKP2_F1_nD1	PF14931	proteomes	1	2	False	A2_SINGLETON_REP_MULTI_ASSIGNED
192.8.1.296	192.8	Q86K63_F1_nD1	PF10146	proteomes	1	2	False	A2_SINGLETON_REP_MULTI_ASSIGNED
192.8.1.313	192.8	U7Q653_F1_nD2	PF09763	proteomes	1	2	False	A2_SINGLETON_REP_MULTI_ASSIGNED
2492.1.1.40	2492.1	Q95QZ9_F1_nD5	PF00641	swissprot	1	2	False	A2_SINGLETON_REP_MULTI_ASSIGNED
304.58.1.2	304.58	U7Q254_F1_nD1	PF10444	proteomes	1	2	False	A2_SINGLETON_REP_MULTI_ASSIGNED
314.1.1.16	314.1	Q8WV99_F1_nD1	PF01428	swissprot	1	2	False	A2_SINGLETON_REP_MULTI_ASSIGNED
327.1.1.5	327.1	Q8NAX2_F1_nD2	PF15551	swissprot	1	2	False	A2_SINGLETON_REP_MULTI_ASSIGNED
3297.1.1.14	3297.1	Q9VMS4_F1_nD2	PF07716	proteomes	1	2	False	A2_SINGLETON_REP_MULTI_ASSIGNED
3297.1.1.16	3297.1	I1KA82_F1_nD3	PF01105	proteomes	1	2	False	A2_SINGLETON_REP_MULTI_ASSIGNED
3358.1.1.15	3358.1	Q5VN06_F1_nD4	PF21358	swissprot	1	2	False	A2_SINGLETON_REP_MULTI_ASSIGNED
3473.1.1.6	3473.1	P07307_F1_nD1	PF03954	swissprot	1	2	False	A2_SINGLETON_REP_MULTI_ASSIGNED
3530.1.1.7	3530.1	I1JEC0_F1_nD2	PF03763	proteomes	1	2	False	A2_SINGLETON_REP_MULTI_ASSIGNED
3602.1.1.8	3602.1	Q96HR3_F1_nD1	PF11315	swissprot	1	2	False	A2_SINGLETON_REP_MULTI_ASSIGNED
3681.1.1.1	3681.1	I1LSA8_F1_nD1	PF28483	proteomes	1	2	False	A2_SINGLETON_REP_MULTI_ASSIGNED
3755.3.1.103	3755.3	Q9QYE6_F1_nD1	PF09787	swissprot	1	2	False	A2_SINGLETON_REP_MULTI_ASSIGNED
3755.3.1.328	3755.3	K7L3C1_F1_nD1	PF03763	proteomes	1	2	False	A2_SINGLETON_REP_MULTI_ASSIGNED
3755.3.1.329	3755.3	I1JCC5_F1_nD1	PF04124	proteomes	1	2	False	A2_SINGLETON_REP_MULTI_ASSIGNED
3755.3.1.332	3755.3	I1KQH7_F1_nD1	PF05700	proteomes	1	2	False	A2_SINGLETON_REP_MULTI_ASSIGNED
3755.3.1.333	3755.3	K7LEQ8_F1_nD1	PF25398	proteomes	1	2	False	A2_SINGLETON_REP_MULTI_ASSIGNED
3755.3.1.337	3755.3	O00258_F1_nD1	PF04420	swissprot	1	2	False	A2_SINGLETON_REP_MULTI_ASSIGNED
3755.3.1.338	3755.3	Q7Z7B0_F1_nD2	PF09727	swissprot	1	2	False	A2_SINGLETON_REP_MULTI_ASSIGNED
3755.3.1.339	3755.3	A0A0J9YY54_F1_nD1	PF15186	swissprot	1	2	False	A2_SINGLETON_REP_MULTI_ASSIGNED
3755.3.1.341	3755.3	Q14BN4_F1_nD2	PF27557	swissprot	1	2	False	A2_SINGLETON_REP_MULTI_ASSIGNED
3755.3.1.342	3755.3	Q86VP1_F1_nD5	PF18112	swissprot	1	2	False	A2_SINGLETON_REP_MULTI_ASSIGNED
3755.3.1.343	3755.3	Q9UL16_F1_nD3	PF13868	swissprot	1	2	False	A2_SINGLETON_REP_MULTI_ASSIGNED
3755.3.1.348	3755.3	A0A077Z3E0_F1_nD1	PF10146	proteomes	1	2	False	A2_SINGLETON_REP_MULTI_ASSIGNED
3755.3.1.350	3755.3	C0NG63_F1_nD1	PF17675	proteomes	1	2	False	A2_SINGLETON_REP_MULTI_ASSIGNED
3755.3.1.351	3755.3	P10333_F1_nD1	PF03082	swissprot	1	2	False	A2_SINGLETON_REP_MULTI_ASSIGNED
3755.3.1.359	3755.3	Q12262_F1_nD1	PF20993	swissprot	1	2	False	A2_SINGLETON_REP_MULTI_ASSIGNED
3755.3.1.364	3755.3	A0A0R0KFX3_F1_nD1	PF28487	proteomes	1	2	False	A2_SINGLETON_REP_MULTI_ASSIGNED
3755.3.1.365	3755.3	I1L4J8_F1_nD3	PF25762	proteomes	1	2	False	A2_SINGLETON_REP_MULTI_ASSIGNED
3755.3.1.369	3755.3	I1JPJ5_F1_nD7	PF27682	proteomes	1	2	False	A2_SINGLETON_REP_MULTI_ASSIGNED
3755.3.1.374	3755.3	K7MMK6_F1_nD1	PF27747	proteomes	1	2	False	A2_SINGLETON_REP_MULTI_ASSIGNED
3755.3.1.382	3755.3	P0C7W6_F1_nD2	PF28385	swissprot	1	2	False	A2_SINGLETON_REP_MULTI_ASSIGNED
3755.3.1.386	3755.3	Q9ULV0_F1_nD4	PF25966	swissprot	1	2	False	A2_SINGLETON_REP_MULTI_ASSIGNED
3755.3.1.389	3755.3	Q6ZP65_F1_nD5	PF27654	swissprot	1	2	False	A2_SINGLETON_REP_MULTI_ASSIGNED
3755.3.1.394	3755.3	O60296_F1_nD3	PF12448	swissprot	1	2	False	A2_SINGLETON_REP_MULTI_ASSIGNED
3755.3.1.399	3755.3	Q86VP1_F1_nD3	PF07888	swissprot	1	2	False	A2_SINGLETON_REP_MULTI_ASSIGNED
3755.3.1.440	3755.3	A0A077YXF2_F1_nD1	PF08614	proteomes	1	2	False	A2_SINGLETON_REP_MULTI_ASSIGNED
3758.1.1.33	3758.1	Q65WY7_F1_nD1	PF07889	proteomes	1	2	False	A2_SINGLETON_REP_MULTI_ASSIGNED
3835.1.1.2	3835.1	A1ZB21_F1_nD1	PF05267	proteomes	1	2	False	A2_SINGLETON_REP_MULTI_ASSIGNED
386.1.1.212	386.1	Q0D5B9_F1_nD1	PF01428	swissprot	1	2	False	A2_SINGLETON_REP_MULTI_ASSIGNED
386.1.1.214	386.1	Q7JVP4_F1_nD1	PF17017	proteomes	1	2	False	A2_SINGLETON_REP_MULTI_ASSIGNED
387.1.5.23	387.1	K7MU27_F1_nD1	PF03638	proteomes	1	2	False	A2_SINGLETON_REP_MULTI_ASSIGNED
387.4.1.1	387.4	U7PZ05_F1_nD2	PF07767	proteomes	1	2	False	A2_SINGLETON_REP_MULTI_ASSIGNED
3922.1.1.141	3922.1	A0A368UIW8_F1_nD2	PF01486	proteomes	1	2	False	A2_SINGLETON_REP_MULTI_ASSIGNED
3922.1.1.143	3922.1	K7M9L2_F1_nD2	PF27682	proteomes	1	2	False	A2_SINGLETON_REP_MULTI_ASSIGNED
3922.1.1.146	3922.1	A0A077ZKG7_F1_nD6	PF15070	proteomes	1	2	False	A2_SINGLETON_REP_MULTI_ASSIGNED
3922.1.1.148	3922.1	A0A5K4FBR4_F1_nD1	PF09728	proteomes	1	2	False	A2_SINGLETON_REP_MULTI_ASSIGNED
3922.1.1.150	3922.1	A0A5K4F6Q4_F1_nD3	PF10174	proteomes	1	2	False	A2_SINGLETON_REP_MULTI_ASSIGNED
3922.1.1.153	3922.1	Q54MP2_F1_nD5	PF05667	swissprot	1	2	False	A2_SINGLETON_REP_MULTI_ASSIGNED
3922.1.1.196	3922.1	A0A5K4FAX0_F1_nD6	PF25526	proteomes	1	2	False	A2_SINGLETON_REP_MULTI_ASSIGNED
3922.1.1.220	3922.1	A0A077Z8S7_F1_nD3	PF09755	proteomes	1	2	False	A2_SINGLETON_REP_MULTI_ASSIGNED
3922.1.1.221	3922.1	A0A077Z0P8_F1_nD2	PF09311	proteomes	1	2	False	A2_SINGLETON_REP_MULTI_ASSIGNED
397.7.1.3	397.7	Q7JY26_F1_nD1	PF05811	proteomes	1	2	False	A2_SINGLETON_REP_MULTI_ASSIGNED
397.7.1.4	397.7	B6VQ93_F1_nD10	PF02363	proteomes	1	2	False	A2_SINGLETON_REP_MULTI_ASSIGNED
4.1.1.279	4.1	Q9Y4I1_F1_nD3	PF00612	swissprot	1	2	False	A2_SINGLETON_REP_MULTI_ASSIGNED
4992.1.1.13	4992.1	Q6GUR9_F1_nD1	PF06313	proteomes	1	2	False	A2_SINGLETON_REP_MULTI_ASSIGNED
5014.1.1.5	5014.1	I1LMM1_F1_nD2	PF08571	proteomes	1	2	False	A2_SINGLETON_REP_MULTI_ASSIGNED
5025.1.1.6	5025.1	A0A077Z626_F1_nD1	PF15018	proteomes	1	2	False	A2_SINGLETON_REP_MULTI_ASSIGNED
5086.1.1.112	5086.1	I1MDR5_F1_nD4	PF04696	proteomes	1	2	False	A2_SINGLETON_REP_MULTI_ASSIGNED
5086.1.1.115	5086.1	Q92952_F1_nD2	PF02888	swissprot	1	2	False	A2_SINGLETON_REP_MULTI_ASSIGNED
5086.1.1.120	5086.1	Q12247_F1_nD3	PF08524	swissprot	1	2	False	A2_SINGLETON_REP_MULTI_ASSIGNED
5086.1.1.159	5086.1	Q54T17_F1_nD4	PF07716	swissprot	1	2	False	A2_SINGLETON_REP_MULTI_ASSIGNED
604.1.1.101	604.1	Q9H019_F1_nD1	PF05308	swissprot	1	2	False	A2_SINGLETON_REP_MULTI_ASSIGNED
604.1.1.103	604.1	A0A5K4ES77_F1_nD2	PF11461	proteomes	1	2	False	A2_SINGLETON_REP_MULTI_ASSIGNED
604.1.1.99	604.1	K7KK71_F1_nD1	PF04576	proteomes	1	2	False	A2_SINGLETON_REP_MULTI_ASSIGNED
605.1.1.113	605.1	A0A0R0LG38_F1_nD3	PF12428	proteomes	1	2	False	A2_SINGLETON_REP_MULTI_ASSIGNED
606.1.1.6	606.1	K7KQU4_F1_nD2	PF06273	proteomes	1	2	False	A2_SINGLETON_REP_MULTI_ASSIGNED
632.2.1.22	632.2	P47083_F1_nD2	PF04006	swissprot	1	2	False	A2_SINGLETON_REP_MULTI_ASSIGNED
633.12.1.9	633.12	I1N2Z5_F1_nD2	PF00477	swissprot	1	2	False	A2_SINGLETON_REP_MULTI_ASSIGNED
7002.1.1.2	7002.1	Q9H813_F1_nD1	PF15122	swissprot	1	2	False	A2_SINGLETON_REP_MULTI_ASSIGNED
7010.1.1.1	7010.1	Q6K6L6_F1_nD2	PF05553	proteomes	1	2	False	A2_SINGLETON_REP_MULTI_ASSIGNED
874.1.1.14	874.1	E9PJI5_F1_nD2	PF06409	swissprot	1	2	False	A2_SINGLETON_REP_MULTI_ASSIGNED
874.1.1.15	874.1	K7KK10_F1_nD3	PF03469	proteomes	1	2	False	A2_SINGLETON_REP_MULTI_ASSIGNED
103.1.1.71	103.1	Q96PN7_F1_nD4	PF13912	swissprot	1	0	False	NO_ASSIGNMENTS
5086.1.1.160	5086.1	Q54T16_F1_nD3	PF00170	swissprot	1	0	False	NO_ASSIGNMENTS
