domain_id,source_id,length,range,source_type,f_group_id,f_name,estimated_pairs,is_discontinuous
nD1,Q38873_F1,518,13-530,computed structural model,108.1.1.1,EF-hand_1,6.5,False
nD1,Q6ZIU9_F1,505,56-560,computed structural model,108.1.1.29,EF-hand_7,6.3,False
nD1,Q9M9V8_F1,505,31-535,computed structural model,108.1.1.29,EF-hand_7,6.3,False
nD1,Q42438_F1,500,31-530,computed structural model,108.1.1.1,EF-hand_1,6.2,False
nD1,I1JNE0_F1,495,36-530,computed structural model,108.1.1.1,EF-hand_1,6.2,False
nD1,Q8W4I7_F1,495,26-520,computed structural model,108.1.1.1,EF-hand_1,6.2,False
nD1,Q6AVI8_F1,495,71-565,computed structural model,108.1.1.1,EF-hand_1,6.2,False
nD1,I1JGF2_F1,490,81-570,computed structural model,108.1.1.1,EF-hand_1,6.1,False
nD1,Q39016_F1,485,6-490,computed structural model,108.1.1.1,EF-hand_1,6.1,False
nD1,Q8LPZ7_F1,485,56-540,computed structural model,108.1.1.1,EF-hand_1,6.1,False
nD1,Q852N6_F1,485,91-575,computed structural model,108.1.1.1,EF-hand_1,6.1,False
nD1,Q75GE8_F1,480,36-515,computed structural model,108.1.1.1,EF-hand_1,6.0,False
nD1,Q9ZV15_F1,480,"11-25,111-575",computed structural model,108.1.1.1,EF-hand_1,6.0,True
nD1,Q9FMP5_F1,480,46-525,computed structural model,108.1.1.29,EF-hand_7,6.0,False
nD1,I1KBT7_F1,480,1-480,computed structural model,108.1.1.29,EF-hand_7,6.0,False
nD1,I1JZT6_F1,480,41-520,computed structural model,108.1.1.1,EF-hand_1,6.0,False
nD1,I1JG83_F1,475,26-500,computed structural model,108.1.1.1,EF-hand_1,5.9,False
nD1,K7VTH8_F1,475,61-535,computed structural model,108.1.1.1,EF-hand_1,5.9,False
nD1,Q9ZSA2_F1,475,56-530,computed structural model,108.1.1.29,EF-hand_7,5.9,False
nD1,Q2QX45_F1,475,"26-490,516-525",computed structural model,108.1.1.29,EF-hand_7,5.9,True
nD1,Q1PFH8_F1,475,66-540,computed structural model,108.1.1.29,EF-hand_7,5.9,False
nD1,Q2QQR2_F1,475,126-600,computed structural model,108.1.1.29,EF-hand_7,5.9,False
nD1,I1LGB8_F1,475,31-505,computed structural model,108.1.1.1,EF-hand_1,5.9,False
nD1,A0A1D6L6Z5_F1,475,121-595,computed structural model,108.1.1.1,EF-hand_1,5.9,False
nD1,K7M8I6_F1,475,61-535,computed structural model,108.1.1.29,EF-hand_7,5.9,False
nD1,I1KY83_F1,474,72-545,computed structural model,108.1.1.29,EF-hand_7,5.9,False
nD1,Q38870_F1,470,156-625,computed structural model,108.1.1.29,EF-hand_7,5.9,False
nD1,I1MTN9_F1,470,41-510,computed structural model,108.1.1.1,EF-hand_1,5.9,False
nD1,K7LI39_F1,470,106-575,computed structural model,108.1.1.29,EF-hand_7,5.9,False
nD1,I1M6R1_F1,470,61-530,computed structural model,108.1.1.1,EF-hand_1,5.9,False
nD1,Q3E9C0_F1,465,56-520,computed structural model,108.1.1.29,EF-hand_7,5.8,False
nD1,Q5VQQ5_F1,465,46-510,computed structural model,108.1.1.1,EF-hand_1,5.8,False
nD1,Q6K968_F1,465,61-525,computed structural model,108.1.1.1,EF-hand_1,5.8,False
nD1,I1LD80_F1,465,11-475,computed structural model,108.1.1.1,EF-hand_1,5.8,False
nD1,Q6NLQ6_F1,465,41-505,computed structural model,108.1.1.1,EF-hand_1,5.8,False
nD1,A2ZVI7_F1,465,51-515,computed structural model,108.1.1.1,EF-hand_1,5.8,False
nD1,A0A1D6FSM1_F1,465,51-515,computed structural model,108.1.1.29,EF-hand_7,5.8,False
nD1,I1L9Q2_F1,460,131-590,computed structural model,108.1.1.1,EF-hand_1,5.8,False
nD1,Q2RAV0_F1,460,66-525,computed structural model,108.1.1.29,EF-hand_7,5.8,False
nD1,I1MR60_F1,460,71-530,computed structural model,108.1.1.1,EF-hand_1,5.8,False
nD1,I1NDX2_F1,460,76-535,computed structural model,108.1.1.1,EF-hand_1,5.8,False
nD1,I1K6C6_F1,460,46-505,computed structural model,108.1.1.1,EF-hand_1,5.8,False
nD1,Q42479_F1,460,66-525,computed structural model,108.1.1.29,EF-hand_7,5.8,False
nD1,Q0DYK7_F1,460,71-530,computed structural model,108.1.1.1,EF-hand_1,5.8,False
nD1,Q7XSQ5_F1,458,76-533,computed structural model,108.1.1.29,EF-hand_7,5.7,False
nD1,B9FKW9_F1,455,56-510,computed structural model,108.1.1.29,EF-hand_7,5.7,False
nD1,Q2QY37_F1,455,71-525,computed structural model,108.1.1.29,EF-hand_7,5.7,False
nD1,B6UF43_F1,455,66-520,computed structural model,108.1.1.1,EF-hand_1,5.7,False
nD1,A0A0R0JFP2_F1,455,66-520,computed structural model,108.1.1.1,EF-hand_1,5.7,False
nD5,Q4CTX3_F1,455,"691-700,736-880,906-1205",computed structural model,108.1.1.44,FCaBP_EF-hand,5.7,True
nD1,Q8RWL2_F1,455,71-525,computed structural model,108.1.1.29,EF-hand_7,5.7,False
nD1,A0A3P7GKV2_F1,425,"56-95,121-235,256-525",computed structural model,108.1.1.8,S_100,5.3,True
nD1,Q8IHY7_F1,420,"151-180,236-625",computed structural model,108.1.1.29,EF-hand_7,5.2,True
nD1,A0A044SS56_F1,400,41-440,computed structural model,108.1.1.1,EF-hand_1,5.0,False
nD1,D3ZJG3_F1,390,111-500,computed structural model,108.1.1.29,EF-hand_7,4.9,False
nD1,Q9NXG6_F1,390,111-500,computed structural model,108.1.1.29,EF-hand_7,4.9,False
nD2,Q8BG58_F1,390,111-500,computed structural model,108.1.1.29,EF-hand_7,4.9,False
nD1,Q9BPX6_F1,365,106-470,computed structural model,108.1.1.1,EF-hand_1,4.6,False
nD1,A2VEI2_F1,360,161-520,computed structural model,108.1.1.1,EF-hand_1,4.5,False
nD1,Q4DYA6_F1,360,"51-180,211-440",computed structural model,108.1.1.18,EF-hand_2,4.5,True
nD1,Q9VCT5_F1,345,1-345,computed structural model,108.1.1.1,EF-hand_1,4.3,False
nD1,Q9CTY5_F1,340,"126-285,321-500",computed structural model,108.1.1.1,EF-hand_1,4.2,True
nD1,Q12482_F1,334,"66-150,177-395,486-495,861-880",computed structural model,108.1.1.29,EF-hand_7,4.2,True
nD1,D3ZG95_F1,330,"131-270,296-485",computed structural model,108.1.1.1,EF-hand_1,4.1,True
nD1,Q581Z7_F1,330,76-405,computed structural model,108.1.1.1,EF-hand_1,4.1,False
nD2,A0A2R8Q8P9_F1,330,"146-295,331-510",computed structural model,108.1.1.1,EF-hand_1,4.1,True
nD1,A0A1D6J6V3_F1,329,"46-75,101-375,416-439",computed structural model,,,4.1,True
nD1,E7FF65_F1,325,"96-245,291-465",computed structural model,108.1.1.1,EF-hand_1,4.1,True
nD1,Q63083_F1,325,46-370,computed structural model,108.1.1.1,EF-hand_1,4.1,False
nD1,A0A2R8Q430_F1,318,"11-148,196-375",computed structural model,108.1.1.29,EF-hand_7,4.0,True
nD1,A0A044V6X6_F1,310,21-330,computed structural model,108.1.1.29,EF-hand_7,3.9,False
nD1,A0A0P0VGM2_F1,310,116-425,computed structural model,108.1.1.1,EF-hand_1,3.9,False
nD2,Q8S8L9_F1,305,"1-105,521-720",computed structural model,108.1.1.29,EF-hand_7,3.8,True
nD2,Q10NP2_F1,305,"1-110,571-765",computed structural model,108.1.1.1,EF-hand_1,3.8,True
nD3,A0A0N4U448_F1,300,271-570,computed structural model,108.1.1.13,EF_assoc_1,3.8,False
nD6,Q4CTW6_F1,300,576-875,computed structural model,108.1.1.29,EF-hand_7,3.8,False
nD6,Q57VP1_F1,300,"671-795,861-930,1031-1115,1161-1180",computed structural model,108.1.1.20,EF-hand_like,3.8,True
nD1,K7VJ62_F1,295,81-375,computed structural model,108.1.1.1,EF-hand_1,3.7,False
nD3,B6SSY1_F1,285,"1-110,581-755",computed structural model,108.1.1.29,EF-hand_7,3.6,True
nD3,A4IE45_F1,283,"256-343,431-515,741-850",computed structural model,108.1.1.29,EF-hand_7,3.5,True
nD1,Q8BH97_F1,280,46-325,computed structural model,108.1.1.29,EF-hand_7,3.5,False
nD1,A4HZP5_F1,280,"441-480,521-670,696-785",computed structural model,108.1.1.1,EF-hand_1,3.5,True
nD3,I1LV45_F1,280,271-550,computed structural model,108.1.1.29,EF-hand_7,3.5,False
nD9,Q8C9J3_F1,275,"1361-1555,1621-1700",computed structural model,108.1.1.18,EF-hand_2,3.4,True
nD1,A0A077ZAK1_F1,275,11-285,computed structural model,108.1.1.29,EF-hand_7,3.4,False
nD3,E9QG28_F1,275,846-1120,computed structural model,108.1.1.29,EF-hand_7,3.4,False
nD3,A0A175VPV5_F1,269,"226-429,681-710,881-915",computed structural model,108.1.1.1,EF-hand_1,3.4,True
nD1,A0A096QYB9_F1,260,"91-110,151-390",computed structural model,108.1.1.1,EF-hand_1,3.2,True
nD4,Q585Y0_F1,260,576-835,computed structural model,108.1.1.1,EF-hand_1,3.2,False
nD2,Q9Z0R4_F1,260,"1-105,471-625",computed structural model,108.1.1.25,EF-hand_4,3.2,True
nD2,Q38BL2_F1,260,"386-570,651-695,726-755",computed structural model,108.1.1.29,EF-hand_7,3.2,True
nD1,Q8CDU5_F1,258,"541-660,696-740,761-853",computed structural model,108.1.1.1,EF-hand_1,3.2,True
nD4,Q11002_F1,258,571-828,computed structural model,108.1.1.1,EF-hand_1,3.2,False
nD9,Q4E130_F1,255,1056-1310,computed structural model,108.1.1.29,EF-hand_7,3.2,False
nD1,B4FL26_F1,250,16-265,computed structural model,108.1.1.29,EF-hand_7,3.1,False
nD1,Q8IIR7_F1,250,46-295,computed structural model,108.1.1.21,SPARC_Ca_bdg,3.1,False
nD1,A0A077ZB65_F1,245,1-245,computed structural model,108.1.1.1,EF-hand_1,3.1,False
nD1,A0A0K0EPT2_F1,245,26-270,computed structural model,108.1.1.29,EF-hand_7,3.1,False
nD1,A0A0D2E2D5_F1,240,"16-135,196-315",computed structural model,108.1.1.29,EF-hand_7,3.0,True
nD3,K7M290_F1,240,281-520,computed structural model,108.1.1.29,EF-hand_7,3.0,False
nD1,A0A1C1D0U9_F1,240,"16-135,196-315",computed structural model,108.1.1.1,EF-hand_1,3.0,True
nD2,A0A1D6J2E1_F1,240,76-315,computed structural model,108.1.1.1,EF-hand_1,3.0,False
nD1,Q3HRN7_F1,240,16-255,computed structural model,108.1.1.29,EF-hand_7,3.0,False
nD1,O16638_F1,240,66-305,computed structural model,108.1.1.29,EF-hand_7,3.0,False
nD4,A0A1D8PMC9_F1,240,"531-740,771-800",computed structural model,108.1.1.29,EF-hand_7,3.0,True
nD3,C1H6K8_F1,238,"356-525,801-835,1136-1168",computed structural model,108.1.1.1,EF-hand_1,3.0,True
nD1,A0A175VRM4_F1,235,21-255,computed structural model,108.1.1.29,EF-hand_7,2.9,False
nD1,Q580J5_F1,235,66-300,computed structural model,108.1.1.1,EF-hand_1,2.9,False
nD1,A0A0P0WI02_F1,235,1-235,computed structural model,108.1.1.27,EF-hand_6,2.9,False
nD4,A4HWY5_F1,235,316-550,computed structural model,108.1.1.44,FCaBP_EF-hand,2.9,False
nD1,O81270_F1,230,6-235,computed structural model,108.1.1.29,EF-hand_7,2.9,False
nD1,Q54WR4_F1,230,116-345,computed structural model,108.1.1.30,EF-hand_8,2.9,False
nD6,A0A0G2K9M5_F1,230,"771-910,981-1030,1071-1110",computed structural model,108.1.1.19,EF-hand_3,2.9,True
nD1,A0A1D6I559_F1,230,161-390,computed structural model,108.1.1.1,EF-hand_1,2.9,False
nD1,A0A0K0EBE4_F1,230,11-240,computed structural model,108.1.1.29,EF-hand_7,2.9,False
nD2,Q54RR0_F1,230,"6-15,386-605",computed structural model,108.1.1.29,EF-hand_7,2.9,True
nD6,Q0IIM8_F1,230,"771-905,976-1035,1076-1110",computed structural model,108.1.1.19,EF-hand_3,2.9,True
nD2,A0A3Q0KM22_F1,230,266-495,computed structural model,108.1.1.44,FCaBP_EF-hand,2.9,False
nD1,A0A044RAH2_F1,230,56-285,computed structural model,108.1.1.29,EF-hand_7,2.9,False
nD1,Q9FLN9_F1,230,6-235,computed structural model,108.1.1.29,EF-hand_7,2.9,False
nD1,Q6P9B6_F1,230,6-235,computed structural model,108.1.1.1,EF-hand_1,2.9,False
nD2,G4VTW0_F1,230,316-545,computed structural model,108.1.1.44,FCaBP_EF-hand,2.9,False
nD2,A4I2M0_F1,230,"101-220,441-550",computed structural model,108.1.1.19,EF-hand_3,2.9,True
nD4,P53258_F1,228,"526-695,723-750,796-825",computed structural model,108.1.1.29,EF-hand_7,2.9,True
nD1,Q803V3_F1,225,56-280,computed structural model,108.1.1.29,EF-hand_7,2.8,False
nD2,I1MRF9_F1,225,71-295,computed structural model,,,2.8,False
nD1,B4FKP4_F1,225,86-310,computed structural model,108.1.1.29,EF-hand_7,2.8,False
nD1,A4I594_F1,225,66-290,computed structural model,108.1.1.20,EF-hand_like,2.8,False
nD1,A0A3P7GJ73_F1,225,86-310,computed structural model,108.1.1.29,EF-hand_7,2.8,False
nD1,Q4DJY7_F1,225,16-240,computed structural model,108.1.1.1,EF-hand_1,2.8,False
nD1,I1KGD3_F1,225,16-240,computed structural model,108.1.1.1,EF-hand_1,2.8,False
nD1,C7J0T2_F1,225,81-305,computed structural model,108.1.1.1,EF-hand_1,2.8,False
nD2,Q65XE2_F1,225,81-305,computed structural model,108.1.1.1,EF-hand_1,2.8,False
nD1,A0A1D6JTL2_F1,225,51-275,computed structural model,108.1.1.1,EF-hand_1,2.8,False
nD1,A0A0K0ECT0_F1,225,1-225,computed structural model,108.1.1.29,EF-hand_7,2.8,False
nD6,Q66K14_F1,225,"796-945,1026-1065,1196-1230",computed structural model,108.1.1.19,EF-hand_3,2.8,True
nD4,G5EDU9_F1,225,"606-660,771-940",computed structural model,108.1.1.10,Cbl_N2,2.8,True
nD1,C0NUK4_F1,224,"17-150,231-320",computed structural model,108.1.1.1,EF-hand_1,2.8,True
nD4,D3ZLD7_F1,220,886-1105,computed structural model,108.1.1.29,EF-hand_7,2.8,False
nD1,Q99MG9_F1,220,31-250,computed structural model,108.1.1.29,EF-hand_7,2.8,False
nD1,A0A0R0F101_F1,220,86-305,computed structural model,108.1.1.29,EF-hand_7,2.8,False
nD1,Q6PHZ8_F1,220,31-250,computed structural model,108.1.1.29,EF-hand_7,2.8,False
nD1,A0A2R8QQY2_F1,220,11-230,computed structural model,108.1.1.29,EF-hand_7,2.8,False
nD1,Q4D7E1_F1,220,"86-110,156-350",computed structural model,108.1.1.18,EF-hand_2,2.8,True
nD4,B2RXC8_F1,220,886-1105,computed structural model,108.1.1.29,EF-hand_7,2.8,False
nD1,B7FAF1_F1,220,16-235,computed structural model,108.1.1.1,EF-hand_1,2.8,False
nD1,A0A1C1CV96_F1,220,16-235,computed structural model,108.1.1.29,EF-hand_7,2.8,False
nD3,A4I620_F1,220,221-440,computed structural model,108.1.1.1,EF-hand_1,2.8,False
nD1,Q6PIL6_F1,220,31-250,computed structural model,108.1.1.13,EF_assoc_1,2.8,False
nD1,I1KN20_F1,220,76-295,computed structural model,108.1.1.1,EF-hand_1,2.8,False
nD1,O22788_F1,220,11-230,computed structural model,108.1.1.29,EF-hand_7,2.8,False
nD1,D4A255_F1,215,16-230,computed structural model,108.1.1.29,EF-hand_7,2.7,False
nD3,A0A0K0EM09_F1,215,676-890,computed structural model,108.1.1.29,EF-hand_7,2.7,False
nD1,A0A0N4UIW4_F1,215,6-220,computed structural model,108.1.1.1,EF-hand_1,2.7,False
nD1,Q9LRN6_F1,215,6-220,computed structural model,108.1.1.29,EF-hand_7,2.7,False
nD1,O48538_F1,215,"101-125,161-350",computed structural model,108.1.1.1,EF-hand_1,2.7,True
nD1,A0A1D6QI90_F1,215,161-375,computed structural model,108.1.1.10,Cbl_N2,2.7,False
nD1,E7F7H4_F1,215,11-225,computed structural model,108.1.1.1,EF-hand_1,2.7,False
nD1,I1JRR6_F1,215,11-225,computed structural model,108.1.1.1,EF-hand_1,2.7,False
nD1,A0A5S6PIP5_F1,215,26-240,computed structural model,108.1.1.1,EF-hand_1,2.7,False
nD1,Q4CXE6_F1,215,6-220,computed structural model,,,2.7,False
nD1,A0A1D6P328_F1,215,41-255,computed structural model,108.1.1.1,EF-hand_1,2.7,False
nD1,O35887_F1,215,"36-200,261-310",computed structural model,108.1.1.29,EF-hand_7,2.7,True
nD3,A4IBL2_F1,214,451-664,computed structural model,108.1.1.29,EF-hand_7,2.7,False
nD3,C0NXM9_F1,214,"356-510,801-830,1146-1174",computed structural model,108.1.1.29,EF-hand_7,2.7,True
nD6,F1LRL4_F1,214,"796-930,1021-1065,1207-1240",computed structural model,108.1.1.29,EF-hand_7,2.7,True
nD2,Q386Q3_F1,213,"196-280,371-440,516-573",computed structural model,108.1.1.29,EF-hand_7,2.7,True
nD2,E7FFY6_F1,210,"146-290,316-380",computed structural model,108.1.1.1,EF-hand_1,2.6,True
nD1,Q9W139_F1,210,11-220,computed structural model,108.1.1.29,EF-hand_7,2.6,False
nD2,Q86XE3_F1,210,"46-70,231-255,356-515",computed structural model,108.1.1.1,EF-hand_1,2.6,True
nD4,Q5QIT3_F1,210,301-510,computed structural model,108.1.1.29,EF-hand_7,2.6,False
nD4,Q8IDD8_F1,210,736-945,computed structural model,108.1.1.1,EF-hand_1,2.6,False
nD3,A0A158Q3J2_F1,210,141-350,computed structural model,108.1.1.29,EF-hand_7,2.6,False
nD3,Q78EJ9_F1,210,"1-25,516-700",computed structural model,108.1.1.1,EF-hand_1,2.6,True
nD3,Q9Y5P8_F1,210,306-515,computed structural model,108.1.1.21,SPARC_Ca_bdg,2.6,False
nD1,Q4CS06_F1,210,31-240,computed structural model,108.1.1.1,EF-hand_1,2.6,False
nD3,Q75JG4_F1,210,526-735,computed structural model,108.1.1.44,FCaBP_EF-hand,2.6,False
nD3,A0A5S6PX84_F1,210,561-770,computed structural model,108.1.1.29,EF-hand_7,2.6,False
nD1,K7MYF1_F1,210,"21-125,171-275",computed structural model,108.1.1.15,"NADPH_Ox,EF-hand_7",2.6,True
nD2,A4HXE1_F1,210,866-1075,computed structural model,108.1.1.1,EF-hand_1,2.6,False
nD3,Q4CVU6_F1,210,"166-255,406-415,466-575",computed structural model,108.1.1.29,EF-hand_7,2.6,True
nD1,A0A3P7DR90_F1,210,11-220,computed structural model,108.1.1.1,EF-hand_1,2.6,False
nD2,Q9SLI8_F1,210,301-510,computed structural model,108.1.1.29,EF-hand_7,2.6,False
nD1,A4IG32_F1,210,116-325,computed structural model,108.1.1.26,EF-hand_5,2.6,False
nD2,A0A5S6PN26_F1,210,131-340,computed structural model,108.1.1.44,FCaBP_EF-hand,2.6,False
nD2,A0A3Q0KJ13_F1,210,"576-750,841-875",computed structural model,108.1.1.29,EF-hand_7,2.6,True
nD4,Q8VZQ4_F1,210,301-510,computed structural model,108.1.1.29,EF-hand_7,2.6,False
nD1,Q55DH9_F1,210,"6-95,116-235",computed structural model,108.1.1.29,EF-hand_7,2.6,True
nD3,Q580X9_F1,208,"246-300,401-489,521-550,602-635",computed structural model,108.1.1.1,EF-hand_1,2.6,True
nD2,Q55C25_F1,208,"141-315,338-370",computed structural model,108.1.1.25,EF-hand_4,2.6,True
nD2,Q9VVK7_F1,205,126-330,computed structural model,108.1.1.1,EF-hand_1,2.6,False
nD1,Q8K0P3_F1,205,16-220,computed structural model,108.1.1.29,EF-hand_7,2.6,False
nD1,A0A5S6PKH6_F1,205,11-215,computed structural model,108.1.1.29,EF-hand_7,2.6,False
nD1,Q9DAJ7_F1,205,21-225,computed structural model,108.1.1.29,EF-hand_7,2.6,False
nD1,Q38DH1_F1,205,271-475,computed structural model,108.1.1.10,Cbl_N2,2.6,False
nD1,Q4DRM2_F1,205,256-460,computed structural model,108.1.1.29,EF-hand_7,2.6,False
nD2,A4HZW6_F1,205,"66-105,451-460,596-695,801-855",computed structural model,108.1.1.29,EF-hand_7,2.6,True
nD3,I1JRS9_F1,205,306-510,computed structural model,108.1.1.29,EF-hand_7,2.6,False
nD2,M9PD06_F1,205,106-310,computed structural model,108.1.1.29,EF-hand_7,2.6,False
nD3,Q84JI6_F1,205,296-500,computed structural model,108.1.1.29,EF-hand_7,2.6,False
nD3,Q8VZP7_F1,205,326-530,computed structural model,108.1.1.8,S_100,2.6,False
nD1,I1KUV0_F1,205,"16-35,61-245",computed structural model,108.1.1.29,EF-hand_7,2.6,True
nD4,A0A1C1CE52_F1,205,"356-510,801-825,1041-1050,1081-1095",computed structural model,108.1.1.29,EF-hand_7,2.6,True
nD1,A0A0B4KHF1_F1,205,"86-240,296-345",computed structural model,108.1.1.1,EF-hand_1,2.6,True
nD3,A0A368UGI4_F1,205,306-510,computed structural model,108.1.1.29,EF-hand_7,2.6,False
nD3,Q4DUH0_F1,205,461-665,computed structural model,108.1.1.8,S_100,2.6,False
nD1,A4I0U9_F1,205,"96-155,316-405,431-460,556-580",computed structural model,108.1.1.1,EF-hand_1,2.6,True
nD4,A0A0R0HUD3_F1,205,306-510,computed structural model,108.1.1.29,EF-hand_7,2.6,False
nD3,Q7XDE0_F1,205,311-515,computed structural model,108.1.1.29,EF-hand_7,2.6,False
nD1,Q8R426_F1,205,21-225,computed structural model,108.1.1.1,EF-hand_1,2.6,False
nD4,Q9D485_F1,205,541-745,computed structural model,108.1.1.29,EF-hand_7,2.6,False
nD3,Q54W95_F1,205,531-735,computed structural model,108.1.1.29,EF-hand_7,2.6,False
nD2,A0A044TE09_F1,205,546-750,computed structural model,108.1.1.30,EF-hand_8,2.6,False
nD1,A0A1D6KNE5_F1,205,141-345,computed structural model,108.1.1.1,EF-hand_1,2.6,False
nD2,A0A5S6PND9_F1,205,141-345,computed structural model,108.1.1.44,FCaBP_EF-hand,2.6,False
nD1,F4JJY3_F1,205,"51-245,271-280",computed structural model,108.1.1.1,EF-hand_1,2.6,True
nD1,Q95PZ2_F1,205,161-365,computed structural model,108.1.1.26,EF-hand_5,2.6,False
nD2,Q4DUH0_F1,205,256-460,computed structural model,108.1.1.1,EF-hand_1,2.6,False
nD1,I1JNI4_F1,205,"21-125,171-270",computed structural model,108.1.1.1,EF-hand_1,2.6,True
nD3,Q9XGR4_F1,205,306-510,computed structural model,108.1.1.29,EF-hand_7,2.6,False
nD2,Q4E1C7_F1,205,"426-445,556-620,646-765",computed structural model,108.1.1.29,EF-hand_7,2.6,True
nD5,Q4CTP2_F1,205,626-830,computed structural model,108.1.1.1,EF-hand_1,2.6,False
nD1,Q69LJ7_F1,205,156-360,computed structural model,108.1.1.29,EF-hand_7,2.6,False
nD1,Q9JJ57_F1,205,21-225,computed structural model,108.1.1.1,EF-hand_1,2.6,False
nD3,Q69M01_F1,205,321-525,computed structural model,108.1.1.1,EF-hand_1,2.6,False
nD3,I1LC62_F1,205,311-515,computed structural model,108.1.1.29,EF-hand_7,2.6,False
nD4,I1NIM7_F1,205,306-510,computed structural model,108.1.1.29,EF-hand_7,2.6,False
nD4,Q9I7J1_F1,205,676-880,computed structural model,108.1.1.29,EF-hand_7,2.6,False
nD1,A0A1D6ND49_F1,205,"101-125,156-335",computed structural model,108.1.1.1,EF-hand_1,2.6,True
nD3,A0A1D6GPK2_F1,205,"321-465,491-550",computed structural model,108.1.1.29,EF-hand_7,2.6,True
nD1,Q6NYK0_F1,205,1-205,computed structural model,108.1.1.29,EF-hand_7,2.6,False
nD2,Q4DRM2_F1,205,461-665,computed structural model,108.1.1.29,EF-hand_7,2.6,False
nD2,A0A5K4FBD6_F1,205,"6-45,366-470,516-575",computed structural model,108.1.1.29,EF-hand_7,2.6,True
nD4,Q4E1L0_F1,205,726-930,computed structural model,108.1.1.1,EF-hand_1,2.6,False
nD1,Q52K82_F1,205,21-225,computed structural model,108.1.1.14,EF_assoc_2,2.6,False
nD1,Q57XA3_F1,205,1-205,computed structural model,108.1.1.13,EF_assoc_1,2.6,False
nD2,A2BHL7_F1,205,"61-80,311-405,691-780",computed structural model,108.1.1.29,EF-hand_7,2.6,True
nD2,A4HUS1_F1,205,"211-340,406-440,486-525",computed structural model,108.1.1.12,p25-alpha,2.6,True
nD1,Q8VCX5_F1,205,111-315,computed structural model,108.1.1.26,EF-hand_5,2.6,False
nD4,C1H1V5_F1,205,"571-615,661-675,711-795,821-845,926-960",computed structural model,108.1.1.29,EF-hand_7,2.6,True
e6xjxQ1,6xjx,201,Q:104-304,experimental structure,108.1.1.26,EF-hand_5,2.5,False
e6wdnB2,6wdn,201,B:1-201,experimental structure,108.1.1.26,EF-hand_5,2.5,False
nD4,A0A0D2GUK9_F1,201,"566-618,646-664,697-775,806-825,916-945",computed structural model,108.1.1.29,EF-hand_7,2.5,True
nD2,Q9USZ7_F1,200,"131-225,271-375",computed structural model,108.1.1.52,End3,2.5,True
nD3,A0A5K4F2L7_F1,200,"91-100,611-800",computed structural model,108.1.1.29,EF-hand_7,2.5,True
nD1,D3ZTN1_F1,200,1-200,computed structural model,108.1.1.29,EF-hand_7,2.5,False
nD1,Q96BS2_F1,200,1-200,computed structural model,108.1.1.29,EF-hand_7,2.5,False
nD2,A0A5K1K8W4_F1,200,331-530,computed structural model,108.1.1.29,EF-hand_7,2.5,False
nD2,D4A463_F1,200,101-300,computed structural model,108.1.1.1,EF-hand_1,2.5,False
nD1,Q9VM22_F1,200,6-205,computed structural model,108.1.1.1,EF-hand_1,2.5,False
nD1,A0A1D6H497_F1,200,"36-140,186-280",computed structural model,108.1.1.27,EF-hand_6,2.5,True
nD4,A0A077ZE91_F1,200,"436-475,561-675,701-745",computed structural model,108.1.1.10,Cbl_N2,2.5,True
nD1,I1KWX1_F1,200,21-220,computed structural model,108.1.1.1,EF-hand_1,2.5,False
nD1,G4VPR2_F1,200,141-340,computed structural model,108.1.1.26,EF-hand_5,2.5,False
nD1,K7MG92_F1,200,21-220,computed structural model,108.1.1.1,EF-hand_1,2.5,False
nD1,Q9JKL5_F1,200,1-200,computed structural model,108.1.1.29,EF-hand_7,2.5,False
nD2,Q38DH1_F1,200,476-675,computed structural model,108.1.1.29,EF-hand_7,2.5,False
nD2,A0A7I4KGN5_F1,200,96-295,computed structural model,,,2.5,False
nD1,I1JAA1_F1,200,"96-120,151-325",computed structural model,108.1.1.21,SPARC_Ca_bdg,2.5,True
nD2,Q02819_F1,200,166-365,computed structural model,108.1.1.1,EF-hand_1,2.5,False
nD1,Q6P005_F1,200,6-205,computed structural model,108.1.1.29,EF-hand_7,2.5,False
nD1,A4I094_F1,200,"1-80,186-305",computed structural model,108.1.1.29,EF-hand_7,2.5,True
nD1,A0A1D6EFQ0_F1,200,21-220,computed structural model,108.1.1.29,EF-hand_7,2.5,False
e6le5D1,6le5,200,D:9-208,experimental structure,108.1.1.26,EF-hand_5,2.5,False
nD1,Q9W3K8_F1,200,"96-140,166-320",computed structural model,108.1.1.1,EF-hand_1,2.5,True
nD1,A0A3Q0KR76_F1,200,"71-220,276-325",computed structural model,108.1.1.29,EF-hand_7,2.5,True
nD2,A0A3P7DEC5_F1,200,46-245,computed structural model,108.1.1.1,EF-hand_1,2.5,False
nD1,Q68A65_F1,200,"291-315,401-575",computed structural model,108.1.1.13,EF_assoc_1,2.5,True
nD3,A0A1D6H355_F1,200,356-555,computed structural model,108.1.1.29,EF-hand_7,2.5,False
nD1,K7M068_F1,200,111-310,computed structural model,108.1.1.26,EF-hand_5,2.5,False
nD5,Q32TF8_F1,200,541-740,computed structural model,108.1.1.1,EF-hand_1,2.5,False
nD1,A0A0K0E762_F1,200,151-350,computed structural model,108.1.1.26,EF-hand_5,2.5,False
e4nscD1,4nsc,199,D:31-229,experimental structure,108.1.1.26,EF-hand_5,2.5,False
e6le5E2,6le5,198,E:11-208,experimental structure,108.1.1.26,EF-hand_5,2.5,False
e4nscB2,4nsc,198,B:32-229,experimental structure,108.1.1.26,EF-hand_5,2.5,False
e4nscC1,4nsc,198,C:32-229,experimental structure,108.1.1.26,EF-hand_5,2.5,False
nD1,Q7FZF1_F1,195,6-200,computed structural model,108.1.1.29,EF-hand_7,2.4,False
nD2,A0A1D6MAD7_F1,195,156-350,computed structural model,108.1.1.1,EF-hand_1,2.4,False
nD1,I1NHD3_F1,195,326-520,computed structural model,108.1.1.1,EF-hand_1,2.4,False
nD1,I1LFA4_F1,195,"56-175,196-230,311-350",computed structural model,108.1.1.29,EF-hand_7,2.4,True
nD1,Q0JBY6_F1,195,106-300,computed structural model,108.1.1.26,EF-hand_5,2.4,False
nD4,P50077_F1,195,"1486-1505,1786-1960",computed structural model,108.1.1.1,EF-hand_1,2.4,True
nD1,A0A0K0EMQ9_F1,195,6-200,computed structural model,108.1.1.1,EF-hand_1,2.4,False
nD2,Q6ZTW0_F1,195,91-285,computed structural model,108.1.1.1,EF-hand_1,2.4,False
nD1,Q9D7J7_F1,195,51-245,computed structural model,108.1.1.1,EF-hand_1,2.4,False
nD4,Q06190_F1,195,901-1095,computed structural model,108.1.1.29,EF-hand_7,2.4,False
nD1,I1K6D2_F1,195,146-340,computed structural model,108.1.1.29,EF-hand_7,2.4,False
nD1,I1KYV7_F1,195,16-210,computed structural model,108.1.1.29,EF-hand_7,2.4,False
nD3,A0A1D6FUI1_F1,195,291-485,computed structural model,108.1.1.8,S_100,2.4,False
nD1,Q69V45_F1,195,21-215,computed structural model,108.1.1.29,EF-hand_7,2.4,False
nD1,Q99653_F1,195,1-195,computed structural model,108.1.1.29,EF-hand_7,2.4,False
nD4,Q4CTX3_F1,195,"471-640,666-690",computed structural model,108.1.1.29,EF-hand_7,2.4,True
nD1,B4FGG7_F1,195,21-215,computed structural model,108.1.1.27,EF-hand_6,2.4,False
nD1,O88456_F1,195,71-265,computed structural model,108.1.1.1,EF-hand_1,2.4,False
nD2,Q57W20_F1,195,796-990,computed structural model,108.1.1.29,EF-hand_7,2.4,False
nD1,Q6H739_F1,195,21-215,computed structural model,108.1.1.27,EF-hand_6,2.4,False
nD2,A0A368UGB1_F1,195,276-470,computed structural model,108.1.1.37,AIF-1,2.4,False
nD2,Q1HAQ0_F1,195,306-500,computed structural model,108.1.1.29,EF-hand_7,2.4,False
nD3,Q9Z176_F1,195,261-455,computed structural model,108.1.1.25,EF-hand_4,2.4,False
nD2,A0A1D6GW57_F1,195,"56-65,386-570",computed structural model,108.1.1.1,EF-hand_1,2.4,True
nD3,A0A077Z272_F1,195,711-905,computed structural model,108.1.1.29,EF-hand_7,2.4,False
nD1,Q1LWZ0_F1,195,11-205,computed structural model,108.1.1.29,EF-hand_7,2.4,False
nD2,Q54W95_F1,195,336-530,computed structural model,108.1.1.35,EF-hand_13,2.4,False
nD1,K7V659_F1,195,21-215,computed structural model,108.1.1.29,EF-hand_7,2.4,False
nD1,B6SL16_F1,195,106-300,computed structural model,108.1.1.26,EF-hand_5,2.4,False
nD1,Q9SUA6_F1,195,11-205,computed structural model,108.1.1.29,EF-hand_7,2.4,False
nD1,D6W196_F1,195,11-205,computed structural model,108.1.1.29,EF-hand_7,2.4,False
nD3,A0A3P7DBT0_F1,195,211-405,computed structural model,108.1.1.2,"EF-hand_1,S_100",2.4,False
e5vp3A1,5vp3,195,A:1-195,experimental structure,,,2.4,False
nD3,Q66HU4_F1,195,531-725,computed structural model,108.1.1.1,EF-hand_1,2.4,False
nD1,A0A0K0E853_F1,195,"56-230,701-720",computed structural model,108.1.1.1,EF-hand_1,2.4,True
nD1,Q6P6Q9_F1,195,111-305,computed structural model,108.1.1.26,EF-hand_5,2.4,False
nD1,K7MN50_F1,195,126-320,computed structural model,108.1.1.15,"NADPH_Ox,EF-hand_7",2.4,False
nD2,B0S661_F1,195,66-260,computed structural model,108.1.1.29,EF-hand_7,2.4,False
nD2,Q9EQJ0_F1,195,"71-85,321-415,711-795",computed structural model,108.1.1.29,EF-hand_7,2.4,True
nD5,Q4CS06_F1,195,"891-1015,1046-1115",computed structural model,108.1.1.44,FCaBP_EF-hand,2.4,True
nD2,Q9WTN5_F1,195,"71-85,321-415,711-795",computed structural model,108.1.1.29,EF-hand_7,2.4,True
nD3,B1WBU2_F1,195,321-515,computed structural model,108.1.1.21,SPARC_Ca_bdg,2.4,False
nD6,Q381A2_F1,195,"601-730,806-855,881-895",computed structural model,108.1.1.29,EF-hand_7,2.4,True
nD4,A0A1C1CQC3_F1,194,"561-605,646-665,697-775,811-825,911-945",computed structural model,108.1.1.29,EF-hand_7,2.4,True
nD1,A0A4V0IK35_F1,194,46-239,computed structural model,108.1.1.29,EF-hand_7,2.4,False
e2hpkA1,2hpk,191,A:3-193,experimental structure,108.1.1.29,EF-hand_7,2.4,False
e4mn0A3,4mn0,191,A:3-193,experimental structure,108.1.1.29,EF-hand_7,2.4,False
e5bpjA1,5bpj,191,A:4-194,experimental structure,108.1.1.29,EF-hand_7,2.4,False
nD2,Q9GZH6_F1,190,176-365,computed structural model,108.1.1.29,EF-hand_7,2.4,False
nD3,O14815_F1,190,501-690,computed structural model,108.1.1.1,EF-hand_1,2.4,False
nD1,A0A5S6PIP6_F1,190,41-230,computed structural model,108.1.1.29,EF-hand_7,2.4,False
nD1,U7Q9K3_F1,190,26-215,computed structural model,108.1.1.1,EF-hand_1,2.4,False
nD3,A0A3Q0KMT5_F1,190,621-810,computed structural model,108.1.1.29,EF-hand_7,2.4,False
nD1,Q3HRN8_F1,190,91-280,computed structural model,108.1.1.29,EF-hand_7,2.4,False
nD1,A0A3Q0KK85_F1,190,"16-90,111-130,171-265",computed structural model,108.1.1.29,EF-hand_7,2.4,True
nD2,Q6NX06_F1,190,166-355,computed structural model,108.1.1.29,EF-hand_7,2.4,False
nD1,Q9JJ69_F1,190,81-270,computed structural model,108.1.1.29,EF-hand_7,2.4,False
nD2,A0A1D6LN51_F1,190,361-550,computed structural model,108.1.1.10,Cbl_N2,2.4,False
nD1,Q57YA6_F1,190,51-240,computed structural model,108.1.1.1,EF-hand_1,2.4,False
nD1,A0A0R0K5I7_F1,190,16-205,computed structural model,108.1.1.1,EF-hand_1,2.4,False
nD2,I1KPG0_F1,190,141-330,computed structural model,108.1.1.29,EF-hand_7,2.4,False
nD2,F1QLH9_F1,190,161-350,computed structural model,108.1.1.1,EF-hand_1,2.4,False
nD1,E7FBI7_F1,190,1-190,computed structural model,108.1.1.29,EF-hand_7,2.4,False
nD1,A0A0K0ERD9_F1,190,1-190,computed structural model,108.1.1.29,EF-hand_7,2.4,False
nD1,A0A077ZAH6_F1,190,"16-180,661-685",computed structural model,108.1.1.1,EF-hand_1,2.4,True
nD2,A0A3P7ETM0_F1,190,166-355,computed structural model,108.1.1.29,EF-hand_7,2.4,False
nD1,I1KAS3_F1,190,16-205,computed structural model,108.1.1.29,EF-hand_7,2.4,False
nD1,C1GX99_F1,190,46-235,computed structural model,108.1.1.1,EF-hand_1,2.4,False
nD2,Q8MQ51_F1,190,181-370,computed structural model,108.1.1.29,EF-hand_7,2.4,False
nD1,A0A1D6E6R4_F1,190,"96-215,256-325",computed structural model,108.1.1.26,EF-hand_5,2.4,True
nD1,Q9DAM2_F1,190,1-190,computed structural model,108.1.1.29,EF-hand_7,2.4,False
nD1,Q4CZF3_F1,190,21-210,computed structural model,108.1.1.29,EF-hand_7,2.4,False
nD2,Q57YA6_F1,190,241-430,computed structural model,108.1.1.1,EF-hand_1,2.4,False
nD1,Q75KU4_F1,190,11-200,computed structural model,108.1.1.29,EF-hand_7,2.4,False
nD3,A0A5S6PVU9_F1,190,196-385,computed structural model,108.1.1.29,EF-hand_7,2.4,False
nD1,A0A0K0ETK8_F1,190,"61-225,701-725",computed structural model,108.1.1.1,EF-hand_1,2.4,True
nD5,A4I686_F1,190,756-945,computed structural model,108.1.1.1,EF-hand_1,2.4,False
nD1,Q9NS61_F1,190,81-270,computed structural model,108.1.1.13,EF_assoc_1,2.4,False
nD1,I1NAS0_F1,190,6-195,computed structural model,108.1.1.29,EF-hand_7,2.4,False
nD2,I1KIJ7_F1,190,"31-40,331-510",computed structural model,108.1.1.1,EF-hand_1,2.4,True
nD1,A0A3P7PY40_F1,190,106-295,computed structural model,108.1.1.26,EF-hand_5,2.4,False
nD1,K7KRW8_F1,190,6-195,computed structural model,108.1.1.29,EF-hand_7,2.4,False
nD2,A0A044TMG1_F1,190,186-375,computed structural model,108.1.1.1,EF-hand_1,2.4,False
nD2,A4HYK8_F1,190,136-325,computed structural model,108.1.1.1,EF-hand_1,2.4,False
nD2,A4I4Q1_F1,190,"96-145,276-415",computed structural model,108.1.1.1,EF-hand_1,2.4,True
nD2,A0A0K0JD25_F1,190,166-355,computed structural model,108.1.1.29,EF-hand_7,2.4,False
nD1,Q4DRI5_F1,190,16-205,computed structural model,108.1.1.44,FCaBP_EF-hand,2.4,False
nD1,A0A1C1CJQ1_F1,190,126-315,computed structural model,108.1.1.1,EF-hand_1,2.4,False
nD1,Q10131_F1,189,16-204,computed structural model,108.1.1.1,EF-hand_1,2.4,False
nD3,Q6MZZ7_F1,189,481-669,computed structural model,108.1.1.42,CAPN13-like_C_EFh,2.4,False
nD2,A4IBL2_F1,189,262-450,computed structural model,108.1.1.1,EF-hand_1,2.4,False
nD1,G4VT56_F1,188,1-188,computed structural model,108.1.1.29,EF-hand_7,2.4,False
nD1,A0A1C1CKC2_F1,185,"1-165,661-680",computed structural model,108.1.1.29,EF-hand_7,2.3,True
nD1,Q2QXG8_F1,185,11-195,computed structural model,108.1.1.29,EF-hand_7,2.3,False
nD4,Q4DMV0_F1,185,646-830,computed structural model,108.1.1.29,EF-hand_7,2.3,False
nD1,B6TXZ0_F1,185,21-205,computed structural model,108.1.1.29,EF-hand_7,2.3,False
nD1,B6T8N9_F1,185,26-210,computed structural model,108.1.1.29,EF-hand_7,2.3,False
nD1,A0A3Q0KMM7_F1,185,"6-165,636-660",computed structural model,108.1.1.1,EF-hand_1,2.3,True
nD3,B0S5T6_F1,185,"316-490,516-525",computed structural model,108.1.1.1,EF-hand_1,2.3,True
nD2,Q0KHU5_F1,185,331-515,computed structural model,108.1.1.29,EF-hand_7,2.3,False
nD1,P45961_F1,185,1-185,computed structural model,108.1.1.1,EF-hand_1,2.3,False
nD3,Q9VQH2_F1,185,796-980,computed structural model,108.1.1.29,EF-hand_7,2.3,False
nD2,Q8NF37_F1,185,316-500,computed structural model,108.1.1.1,EF-hand_1,2.3,False
nD3,Q4CTX3_F1,185,286-470,computed structural model,108.1.1.44,FCaBP_EF-hand,2.3,False
nD1,A0A0R0G2R3_F1,185,141-325,computed structural model,108.1.1.1,EF-hand_1,2.3,False
nD2,F8VPZ3_F1,185,176-360,computed structural model,108.1.1.1,EF-hand_1,2.3,False
nD1,Q8IID2_F1,185,"6-135,661-715",computed structural model,108.1.1.29,EF-hand_7,2.3,True
nD2,I1LGC3_F1,185,136-320,computed structural model,,,2.3,False
nD2,A0A0K0ESJ7_F1,185,171-355,computed structural model,108.1.1.1,EF-hand_1,2.3,False
nD3,A0A3P7EU02_F1,185,756-940,computed structural model,108.1.1.29,EF-hand_7,2.3,False
nD1,Q95YL5_F1,185,11-195,computed structural model,108.1.1.29,EF-hand_7,2.3,False
nD1,A0A2R8Q977_F1,185,6-190,computed structural model,108.1.1.29,EF-hand_7,2.3,False
nD1,Q9JM47_F1,185,71-255,computed structural model,108.1.1.29,EF-hand_7,2.3,False
nD1,A0A368UGB1_F1,185,91-275,computed structural model,108.1.1.8,S_100,2.3,False
nD1,Q96PH1_F1,185,"6-110,136-215",computed structural model,108.1.1.29,EF-hand_7,2.3,True
nD1,A4I005_F1,185,1-185,computed structural model,108.1.1.1,EF-hand_1,2.3,False
nD2,Q5M9F0_F1,185,"61-165,196-275",computed structural model,108.1.1.18,EF-hand_2,2.3,True
nD2,E7FCR5_F1,185,176-360,computed structural model,108.1.1.1,EF-hand_1,2.3,False
nD1,Q8IR92_F1,185,256-440,computed structural model,108.1.1.1,EF-hand_1,2.3,False
nD4,Q4CV80_F1,185,341-525,computed structural model,108.1.1.29,EF-hand_7,2.3,False
nD3,A5PMP0_F1,185,511-695,computed structural model,108.1.1.1,EF-hand_1,2.3,False
nD1,Q53A16_F1,185,6-190,computed structural model,108.1.1.1,EF-hand_1,2.3,False
nD2,A0A5K4FCA5_F1,185,191-375,computed structural model,108.1.1.1,EF-hand_1,2.3,False
nD1,P36608_F1,185,6-190,computed structural model,108.1.1.29,EF-hand_7,2.3,False
nD1,O81210_F1,185,126-310,computed structural model,108.1.1.1,EF-hand_1,2.3,False
nD1,Q3HRP1_F1,185,31-215,computed structural model,108.1.1.29,EF-hand_7,2.3,False
nD1,P62166_F1,185,1-185,computed structural model,108.1.1.1,EF-hand_1,2.3,False
nD2,Q8BHR8_F1,185,"61-165,196-275",computed structural model,108.1.1.29,EF-hand_7,2.3,True
nD1,A0A1D6KXI8_F1,185,26-210,computed structural model,108.1.1.29,EF-hand_7,2.3,False
nD1,Q65XC8_F1,185,161-345,computed structural model,108.1.1.1,EF-hand_1,2.3,False
nD1,A0A0H5S7G4_F1,185,1-185,computed structural model,108.1.1.29,EF-hand_7,2.3,False
nD1,I1KJX2_F1,185,81-265,computed structural model,108.1.1.29,EF-hand_7,2.3,False
nD2,Q580J5_F1,185,301-485,computed structural model,108.1.1.8,S_100,2.3,False
nD2,I1LD36_F1,185,336-520,computed structural model,108.1.1.29,EF-hand_7,2.3,False
nD1,A0A1D6HD01_F1,185,96-280,computed structural model,108.1.1.26,EF-hand_5,2.3,False
nD3,P27730_F1,185,571-755,computed structural model,108.1.1.1,EF-hand_1,2.3,False
nD1,A0A044QRR3_F1,185,31-215,computed structural model,108.1.1.29,EF-hand_7,2.3,False
nD4,Q4DAL9_F1,185,341-525,computed structural model,108.1.1.29,EF-hand_7,2.3,False
nD1,Q9SZ45_F1,185,136-320,computed structural model,108.1.1.15,"NADPH_Ox,EF-hand_7",2.3,False
nD3,A0A077ZCP7_F1,185,226-410,computed structural model,108.1.1.2,"EF-hand_1,S_100",2.3,False
nD3,Q07009_F1,185,516-700,computed structural model,108.1.1.27,EF-hand_6,2.3,False
nD1,D4A9P6_F1,185,36-220,computed structural model,108.1.1.29,EF-hand_7,2.3,False
nD3,Q9D805_F1,185,501-685,computed structural model,108.1.1.1,EF-hand_1,2.3,False
nD1,P30187_F1,185,6-190,computed structural model,108.1.1.29,EF-hand_7,2.3,False
nD1,A0A0N4U451_F1,185,21-205,computed structural model,108.1.1.1,EF-hand_1,2.3,False
nD1,A0A2R8Q973_F1,185,26-210,computed structural model,108.1.1.1,EF-hand_1,2.3,False
nD1,Q3HRP2_F1,185,21-205,computed structural model,108.1.1.1,EF-hand_1,2.3,False
nD1,Q9JLK7_F1,185,41-225,computed structural model,108.1.1.1,EF-hand_1,2.3,False
nD2,A0A5S6PM29_F1,185,121-305,computed structural model,108.1.1.29,EF-hand_7,2.3,False
nD1,A0A0N4U2K2_F1,185,"21-55,76-225",computed structural model,108.1.1.14,EF_assoc_2,2.3,True
nD1,Q9SW17_F1,185,76-260,computed structural model,108.1.1.1,EF-hand_1,2.3,False
nD1,I1JQ61_F1,185,11-195,computed structural model,108.1.1.29,EF-hand_7,2.3,False
nD1,Q8IL29_F1,185,21-205,computed structural model,108.1.1.1,EF-hand_1,2.3,False
nD3,Q9VXH6_F1,185,496-680,computed structural model,108.1.1.27,EF-hand_6,2.3,False
nD3,A0A3Q0KBN6_F1,185,516-700,computed structural model,108.1.1.3,"EF-hand_1,EF-hand_6",2.3,False
nD1,A0A5K4FA09_F1,185,1-185,computed structural model,108.1.1.1,EF-hand_1,2.3,False
nD4,Q4CS06_F1,185,706-890,computed structural model,108.1.1.18,EF-hand_2,2.3,False
nD1,O95843_F1,185,1-185,computed structural model,108.1.1.29,EF-hand_7,2.3,False
nD3,F6NUF6_F1,185,511-695,computed structural model,108.1.1.30,EF-hand_8,2.3,False
nD3,A0A5K4EZY6_F1,185,571-755,computed structural model,108.1.1.29,EF-hand_7,2.3,False
nD1,Q9QXT8_F1,185,71-255,computed structural model,108.1.1.29,EF-hand_7,2.3,False
nD5,Q4DVD4_F1,185,"761-810,876-905,996-1015,1071-1155",computed structural model,108.1.1.12,p25-alpha,2.3,True
nD4,Q91VA3_F1,185,516-700,computed structural model,108.1.1.1,EF-hand_1,2.3,False
nD1,A4I5T8_F1,185,341-525,computed structural model,108.1.1.29,EF-hand_7,2.3,False
nD1,Q9Y2W7_F1,185,71-255,computed structural model,108.1.1.29,EF-hand_7,2.3,False
nD1,A8MZ26_F1,185,6-190,computed structural model,108.1.1.29,EF-hand_7,2.3,False
nD1,A0A1C1CLH5_F1,184,126-309,computed structural model,108.1.1.1,EF-hand_1,2.3,False
nD4,U7PX70_F1,184,"601-635,701-720,776-850,891-909,1031-1065",computed structural model,108.1.1.29,EF-hand_7,2.3,True
nD1,A0A3P7FJG1_F1,183,76-258,computed structural model,108.1.1.29,EF-hand_7,2.3,False
e7f3fE1,7f3f,181,E:36-216,experimental structure,108.1.1.29,EF-hand_7,2.3,False
e7f3fH1,7f3f,181,H:36-216,experimental structure,108.1.1.29,EF-hand_7,2.3,False
e7e8eG1,7e8e,181,G:1-181,experimental structure,108.1.1.29,EF-hand_7,2.3,False
e7f3fL1,7f3f,181,L:36-216,experimental structure,108.1.1.29,EF-hand_7,2.3,False
e7e8eE1,7e8e,181,E:1-181,experimental structure,108.1.1.29,EF-hand_7,2.3,False
e7e84L1,7e84,181,L:1-181,experimental structure,108.1.1.29,EF-hand_7,2.3,False
e7e84E1,7e84,181,E:1-181,experimental structure,108.1.1.29,EF-hand_7,2.3,False
e7e83B1,7e83,181,B:1-181,experimental structure,108.1.1.29,EF-hand_7,2.3,False
e7e84J1,7e84,181,J:1-181,experimental structure,108.1.1.29,EF-hand_7,2.3,False
e7e84H1,7e84,181,H:1-181,experimental structure,108.1.1.29,EF-hand_7,2.3,False
e7e83H1,7e83,181,H:1-181,experimental structure,108.1.1.29,EF-hand_7,2.3,False
e7e8hE1,7e8h,181,E:1-181,experimental structure,108.1.1.29,EF-hand_7,2.3,False
e7e83F1,7e83,181,F:1-181,experimental structure,108.1.1.29,EF-hand_7,2.3,False
e7e8hG1,7e8h,181,G:1-181,experimental structure,108.1.1.29,EF-hand_7,2.3,False
e7f3fJ1,7f3f,181,J:36-216,experimental structure,108.1.1.29,EF-hand_7,2.3,False
e7e83E1,7e83,181,E:1-181,experimental structure,108.1.1.29,EF-hand_7,2.3,False
nD1,A0A0K0E0J4_F1,180,26-205,computed structural model,108.1.1.29,EF-hand_7,2.2,False
nD2,A0A0R0HCY3_F1,180,386-565,computed structural model,108.1.1.1,EF-hand_1,2.2,False
e4nscE2,4nsc,180,"E:28-178,E:201-229",experimental structure,108.1.1.26,EF-hand_5,2.2,True
nD2,P53684_F1,180,361-540,computed structural model,108.1.1.29,EF-hand_7,2.2,False
nD1,Q0DZK7_F1,180,116-295,computed structural model,108.1.1.26,EF-hand_5,2.2,False
nD1,I1MT65_F1,180,61-240,computed structural model,108.1.1.29,EF-hand_7,2.2,False
nD1,P53238_F1,180,151-330,computed structural model,108.1.1.1,EF-hand_1,2.2,False
nD1,A0A1D6K352_F1,180,1-180,computed structural model,108.1.1.21,SPARC_Ca_bdg,2.2,False
nD3,A0A5K4EIP9_F1,180,"681-850,876-885",computed structural model,108.1.1.1,EF-hand_1,2.2,True
nD1,K7TIV7_F1,180,26-205,computed structural model,108.1.1.29,EF-hand_7,2.2,False
nD2,Q0DZK7_F1,180,296-475,computed structural model,108.1.1.1,EF-hand_1,2.2,False
e7e8hF1,7e8h,180,F:1-180,experimental structure,108.1.1.29,EF-hand_7,2.2,False
nD1,G5EGM2_F1,180,41-220,computed structural model,108.1.1.29,EF-hand_7,2.2,False
nD1,Q9ZQH1_F1,180,41-220,computed structural model,108.1.1.29,EF-hand_7,2.2,False
nD1,A0A5K4FCA5_F1,180,6-185,computed structural model,108.1.1.1,EF-hand_1,2.2,False
nD1,A0A5K4FEN0_F1,180,31-210,computed structural model,108.1.1.1,EF-hand_1,2.2,False
nD6,Q99P25_F1,180,516-695,computed structural model,108.1.1.29,EF-hand_7,2.2,False
nD3,Q4V8Q1_F1,180,531-710,computed structural model,108.1.1.29,EF-hand_7,2.2,False
nD3,O35920_F1,180,511-690,computed structural model,108.1.1.1,EF-hand_1,2.2,False
nD1,Q9NZI2_F1,180,46-225,computed structural model,108.1.1.1,EF-hand_1,2.2,False
nD1,A4I2W6_F1,180,"41-110,156-265",computed structural model,108.1.1.19,EF-hand_3,2.2,True
nD3,A0A0H5SE91_F1,180,251-430,computed structural model,108.1.1.2,"EF-hand_1,S_100",2.2,False
nD1,J9F8M7_F1,180,6-185,computed structural model,108.1.1.1,EF-hand_1,2.2,False
nD1,A0A0D2HGJ4_F1,180,131-310,computed structural model,108.1.1.1,EF-hand_1,2.2,False
nD3,Q6J756_F1,180,531-710,computed structural model,108.1.1.1,EF-hand_1,2.2,False
nD1,Q8S1T0_F1,180,76-255,computed structural model,108.1.1.29,EF-hand_7,2.2,False
nD1,I1L1T9_F1,180,146-325,computed structural model,,,2.2,False
nD1,K0F150_F1,180,1-180,computed structural model,108.1.1.1,EF-hand_1,2.2,False
nD3,Q9ER56_F1,180,536-715,computed structural model,,,2.2,False
e7e8eH1,7e8e,180,H:1-180,experimental structure,108.1.1.29,EF-hand_7,2.2,False
nD1,Q1LYC9_F1,180,36-215,computed structural model,108.1.1.1,EF-hand_1,2.2,False
nD1,F1QHQ8_F1,180,26-205,computed structural model,108.1.1.1,EF-hand_1,2.2,False
nD3,F1QW40_F1,180,"6-15,521-690",computed structural model,108.1.1.1,EF-hand_1,2.2,True
nD1,A0A2R8QMM6_F1,180,81-260,computed structural model,108.1.1.29,EF-hand_7,2.2,False
nD1,O81209_F1,180,126-305,computed structural model,108.1.1.1,EF-hand_1,2.2,False
nD4,Q4CVI7_F1,180,346-525,computed structural model,108.1.1.1,EF-hand_1,2.2,False
e7e8eF1,7e8e,180,F:1-180,experimental structure,108.1.1.29,EF-hand_7,2.2,False
nD1,Q9VA73_F1,180,"21-175,656-680",computed structural model,108.1.1.1,EF-hand_1,2.2,True
nD3,I1MRF9_F1,180,296-475,computed structural model,108.1.1.1,EF-hand_1,2.2,False
nD2,A0A1D6K3Y8_F1,180,486-665,computed structural model,108.1.1.1,EF-hand_1,2.2,False
nD3,D3ZJZ8_F1,180,536-715,computed structural model,108.1.1.29,EF-hand_7,2.2,False
nD1,K7UWK1_F1,180,56-235,computed structural model,108.1.1.29,EF-hand_7,2.2,False
nD3,F1RCJ4_F1,180,506-685,computed structural model,108.1.1.29,EF-hand_7,2.2,False
nD3,A0A3P7E5W5_F1,180,436-615,computed structural model,108.1.1.1,EF-hand_1,2.2,False
nD4,D7SG80_F1,180,341-520,computed structural model,108.1.1.29,EF-hand_7,2.2,False
nD3,A0A0N4UCA6_F1,180,276-455,computed structural model,108.1.1.2,"EF-hand_1,S_100",2.2,False
nD4,A0A044V194_F1,180,776-955,computed structural model,108.1.1.29,EF-hand_7,2.2,False
nD3,F1Q9Z1_F1,180,"46-55,546-715",computed structural model,108.1.1.10,Cbl_N2,2.2,True
nD3,Q9VT65_F1,180,746-925,computed structural model,108.1.1.1,EF-hand_1,2.2,False
nD3,Q8NFA0_F1,180,181-360,computed structural model,108.1.1.29,EF-hand_7,2.2,False
nD1,A0A1D6F6A5_F1,180,136-315,computed structural model,108.1.1.1,EF-hand_1,2.2,False
nD1,P37236_F1,180,6-185,computed structural model,108.1.1.29,EF-hand_7,2.2,False
nD3,A0A0R4IG81_F1,180,516-695,computed structural model,108.1.1.1,EF-hand_1,2.2,False
nD1,Q96L46_F1,180,66-245,computed structural model,108.1.1.1,EF-hand_1,2.2,False
nD3,Q6ZSI9_F1,180,536-715,computed structural model,,,2.2,False
nD4,A0A0N4U2D4_F1,180,791-970,computed structural model,108.1.1.29,EF-hand_7,2.2,False
nD1,A0A1D6QNN9_F1,180,11-190,computed structural model,108.1.1.29,EF-hand_7,2.2,False
nD1,A0A1D6N7P2_F1,180,86-265,computed structural model,108.1.1.29,EF-hand_7,2.2,False
nD1,O81211_F1,180,166-345,computed structural model,108.1.1.1,EF-hand_1,2.2,False
nD2,Q10KY3_F1,180,416-595,computed structural model,108.1.1.1,EF-hand_1,2.2,False
e7e8hH1,7e8h,180,H:1-180,experimental structure,108.1.1.29,EF-hand_7,2.2,False
nD3,P16259_F1,180,"586-595,651-820",computed structural model,108.1.1.11,Cullin_binding,2.2,True
nD1,C4J3M8_F1,180,76-255,computed structural model,108.1.1.1,EF-hand_1,2.2,False
nD1,Q4CZH6_F1,180,1-180,computed structural model,108.1.1.1,EF-hand_1,2.2,False
nD1,O16158_F1,179,6-184,computed structural model,108.1.1.1,EF-hand_1,2.2,False
e6lb7C1,6lb7,179,"C:29-178,C:201-229",experimental structure,108.1.1.26,EF-hand_5,2.2,True
e4nscA1,4nsc,179,"A:27-177,A:202-229",experimental structure,108.1.1.26,EF-hand_5,2.2,True
nD1,A0A2R8QHG5_F1,179,31-209,computed structural model,,,2.2,False
e6agiB1,6agi,178,"B:5-153,B:210-238",experimental structure,108.1.1.29,EF-hand_7,2.2,True
e6iihA3,6iih,177,"A:170-287,A:317-375",experimental structure,108.1.1.29,EF-hand_7,2.2,True
nD2,Q80TL4_F1,175,"76-85,191-325,361-390",computed structural model,108.1.1.29,EF-hand_7,2.2,True
nD3,A0A1D6J2E1_F1,175,326-500,computed structural model,108.1.1.1,EF-hand_1,2.2,False
nD1,I1JXS6_F1,175,1-175,computed structural model,108.1.1.29,EF-hand_7,2.2,False
nD1,Q9UBV8_F1,175,106-280,computed structural model,108.1.1.1,EF-hand_1,2.2,False
nD4,A0A3P7DLZ1_F1,175,"601-765,791-800",computed structural model,108.1.1.1,EF-hand_1,2.2,True
nD1,Q55GP1_F1,175,11-185,computed structural model,108.1.1.29,EF-hand_7,2.2,False
nD2,Q9SBI0_F1,175,81-255,computed structural model,108.1.1.10,Cbl_N2,2.2,False
nD3,E9QE31_F1,175,546-720,computed structural model,108.1.1.1,EF-hand_1,2.2,False
nD1,Q9SLI8_F1,175,126-300,computed structural model,108.1.1.29,EF-hand_7,2.2,False
nD4,A4I9G3_F1,175,351-525,computed structural model,108.1.1.29,EF-hand_7,2.2,False
nD1,F1QQI5_F1,175,36-210,computed structural model,108.1.1.1,EF-hand_1,2.2,False
nD1,Q59YC3_F1,175,41-215,computed structural model,108.1.1.1,EF-hand_1,2.2,False
nD1,Q95ZR9_F1,175,21-195,computed structural model,108.1.1.29,EF-hand_7,2.2,False
nD1,I1JD04_F1,175,16-190,computed structural model,108.1.1.37,AIF-1,2.2,False
nD1,I1M4C2_F1,175,41-215,computed structural model,108.1.1.1,EF-hand_1,2.2,False
nD1,A0A0R0JYE8_F1,175,136-310,computed structural model,108.1.1.29,EF-hand_7,2.2,False
nD1,A0A0R0HTY5_F1,175,66-240,computed structural model,108.1.1.26,EF-hand_5,2.2,False
nD1,A0A1D6J9N5_F1,175,"101-220,266-320",computed structural model,108.1.1.26,EF-hand_5,2.2,True
nD1,Q9D9C0_F1,175,26-200,computed structural model,108.1.1.29,EF-hand_7,2.2,False
nD4,Q9ES45_F1,175,761-935,computed structural model,108.1.1.29,EF-hand_7,2.2,False
nD1,Q21153_F1,175,"36-195,691-705",computed structural model,108.1.1.1,EF-hand_1,2.2,True
nD3,F1QL66_F1,175,536-710,computed structural model,108.1.1.1,EF-hand_1,2.2,False
nD6,Q4E584_F1,175,766-940,computed structural model,108.1.1.29,EF-hand_7,2.2,False
nD1,K7MJ94_F1,175,36-210,computed structural model,108.1.1.29,EF-hand_7,2.2,False
nD1,Q9FLS8_F1,175,16-190,computed structural model,108.1.1.29,EF-hand_7,2.2,False
nD1,K7V0F9_F1,175,131-305,computed structural model,108.1.1.1,EF-hand_1,2.2,False
nD2,Q9SCS2_F1,175,421-595,computed structural model,108.1.1.1,EF-hand_1,2.2,False
nD1,D3ZX64_F1,175,6-180,computed structural model,108.1.1.29,EF-hand_7,2.2,False
nD1,Q64537_F1,175,91-265,computed structural model,108.1.1.1,EF-hand_1,2.2,False
nD1,A0A0K0EH61_F1,175,46-220,computed structural model,108.1.1.29,EF-hand_7,2.2,False
nD2,Q5AL11_F1,175,131-305,computed structural model,108.1.1.8,S_100,2.2,False
nD1,A0A0G2K952_F1,175,46-220,computed structural model,108.1.1.8,S_100,2.2,False
nD2,A0A0G2K952_F1,175,221-395,computed structural model,108.1.1.35,EF-hand_13,2.2,False
nD1,I1KBU7_F1,175,156-330,computed structural model,108.1.1.29,EF-hand_7,2.2,False
nD2,A0A1D6F1U3_F1,175,391-565,computed structural model,108.1.1.29,EF-hand_7,2.2,False
nD2,I1KN20_F1,175,296-470,computed structural model,108.1.1.8,S_100,2.2,False
nD1,Q8N7U6_F1,175,"526-645,671-695,721-750",computed structural model,108.1.1.1,EF-hand_1,2.2,True
nD2,A0A3Q0KDN4_F1,175,"146-165,221-375",computed structural model,108.1.1.1,EF-hand_1,2.2,True
nD1,Q2QP56_F1,175,141-315,computed structural model,108.1.1.10,Cbl_N2,2.2,False
nD4,C0NDL9_F1,175,"591-615,656-675,716-795,821-840,931-960",computed structural model,108.1.1.29,EF-hand_7,2.2,True
nD1,Q86XE3_F1,175,"136-290,336-355",computed structural model,108.1.1.1,EF-hand_1,2.2,True
nD2,A0A1D6NPG4_F1,175,266-440,computed structural model,108.1.1.29,EF-hand_7,2.2,False
nD1,Q9QXX4_F1,175,"6-160,641-660",computed structural model,108.1.1.1,EF-hand_1,2.2,True
nD1,E9PT53_F1,175,86-260,computed structural model,108.1.1.1,EF-hand_1,2.2,False
nD2,K7KNS9_F1,175,396-570,computed structural model,108.1.1.29,EF-hand_7,2.2,False
nD2,O80673_F1,175,391-565,computed structural model,108.1.1.29,EF-hand_7,2.2,False
nD7,Q2TAA8_F1,175,471-645,computed structural model,108.1.1.40,STAT_linker,2.2,False
nD1,U7PMT1_F1,175,156-330,computed structural model,108.1.1.1,EF-hand_1,2.2,False
nD2,Q9FX86_F1,175,421-595,computed structural model,108.1.1.29,EF-hand_7,2.2,False
nD1,K7L409_F1,175,36-210,computed structural model,108.1.1.29,EF-hand_7,2.2,False
nD1,A0A175W7C6_F1,175,101-275,computed structural model,108.1.1.29,EF-hand_7,2.2,False
nD3,P97571_F1,175,536-710,computed structural model,108.1.1.1,EF-hand_1,2.2,False
nD3,F1QI24_F1,175,526-700,computed structural model,108.1.1.12,p25-alpha,2.2,False
nD2,Q4D6V6_F1,175,"246-295,316-440",computed structural model,108.1.1.1,EF-hand_1,2.2,True
nD1,I1NF42_F1,175,56-230,computed structural model,108.1.1.29,EF-hand_7,2.2,False
nD1,A0A1D6IWH8_F1,175,141-315,computed structural model,108.1.1.1,EF-hand_1,2.2,False
nD1,U7PW19_F1,175,46-220,computed structural model,108.1.1.29,EF-hand_7,2.2,False
nD6,G5EBE2_F1,175,"806-835,866-935,1096-1135,1201-1235",computed structural model,108.1.1.1,EF-hand_1,2.2,True
e6iihB1,6iih,175,"B:170-286,B:318-375",experimental structure,108.1.1.29,EF-hand_7,2.2,True
nD6,Q4CTQ1_F1,175,"541-640,771-845",computed structural model,108.1.1.40,STAT_linker,2.2,True
nD1,Q9VL57_F1,175,76-250,computed structural model,108.1.1.29,EF-hand_7,2.2,False
nD4,Q9UMQ6_F1,175,561-735,computed structural model,108.1.1.27,EF-hand_6,2.2,False
nD3,P07384_F1,175,536-710,computed structural model,108.1.1.1,EF-hand_1,2.2,False
nD2,A0A0R0FB11_F1,175,286-460,computed structural model,108.1.1.1,EF-hand_1,2.2,False
nD2,Q9LJL9_F1,175,416-590,computed structural model,108.1.1.29,EF-hand_7,2.2,False
nD2,Q2QYX8_F1,175,201-375,computed structural model,108.1.1.1,EF-hand_1,2.2,False
nD1,C0NBU1_F1,175,"16-170,666-685",computed structural model,108.1.1.1,EF-hand_1,2.2,True
nD1,F8VPZ3_F1,175,1-175,computed structural model,108.1.1.29,EF-hand_7,2.2,False
nD3,A0A2R8Q964_F1,175,516-690,computed structural model,108.1.1.27,EF-hand_6,2.2,False
nD1,Q568Z7_F1,175,11-185,computed structural model,108.1.1.29,EF-hand_7,2.2,False
nD2,Q96C74_F1,175,51-225,computed structural model,108.1.1.18,EF-hand_2,2.2,False
nD2,I1KLX7_F1,175,416-590,computed structural model,108.1.1.1,EF-hand_1,2.2,False
nD1,A0A0D2E8U0_F1,175,6-180,computed structural model,108.1.1.29,EF-hand_7,2.2,False
nD3,A0A1N7SYW5_F1,175,"1096-1260,1286-1295",computed structural model,108.1.1.29,EF-hand_7,2.2,True
nD2,A0A044VD25_F1,175,101-275,computed structural model,108.1.1.1,EF-hand_1,2.2,False
nD2,Q9H6J7_F1,175,"71-165,196-275",computed structural model,108.1.1.29,EF-hand_7,2.2,True
nD1,Q9LY28_F1,175,16-190,computed structural model,108.1.1.1,EF-hand_1,2.2,False
nD3,O35350_F1,175,536-710,computed structural model,108.1.1.10,Cbl_N2,2.2,False
nD1,A0A0N7KI98_F1,175,26-200,computed structural model,108.1.1.29,EF-hand_7,2.2,False
nD12,Q8IIL3_F1,175,"2006-2055,2096-2220",computed structural model,108.1.1.29,EF-hand_7,2.2,True
nD3,A0A0R4IFK0_F1,175,521-695,computed structural model,108.1.1.10,Cbl_N2,2.2,False
nD2,Q9LET1_F1,175,396-570,computed structural model,108.1.1.1,EF-hand_1,2.2,False
nD1,P04632_F1,175,91-265,computed structural model,108.1.1.1,EF-hand_1,2.2,False
nD1,C6SYS7_F1,175,36-210,computed structural model,,,2.2,False
nD3,E9QFN0_F1,175,526-700,computed structural model,108.1.1.1,EF-hand_1,2.2,False
nD1,Q652U8_F1,175,36-210,computed structural model,108.1.1.1,EF-hand_1,2.2,False
nD8,A4HVV2_F1,175,831-1005,computed structural model,108.1.1.29,EF-hand_7,2.2,False
nD1,A0A2R8PV64_F1,175,36-210,computed structural model,108.1.1.1,EF-hand_1,2.2,False
nD1,Q95YL4_F1,175,26-200,computed structural model,108.1.1.29,EF-hand_7,2.2,False
nD1,A0A077YXK9_F1,175,21-195,computed structural model,108.1.1.1,EF-hand_1,2.2,False
nD4,Q9FEE2_F1,175,296-470,computed structural model,108.1.1.29,EF-hand_7,2.2,False
nD2,I1JEW5_F1,175,416-590,computed structural model,108.1.1.29,EF-hand_7,2.2,False
e6agjA1,6agj,175,"A:8-153,A:210-238",experimental structure,108.1.1.29,EF-hand_7,2.2,True
nD2,Q6DGK9_F1,174,"61-165,197-265",computed structural model,108.1.1.18,EF-hand_2,2.2,True
e6agjB2,6agj,174,"B:9-153,B:210-238",experimental structure,108.1.1.29,EF-hand_7,2.2,True
nD1,Q18874_F1,174,"77-205,276-320",computed structural model,108.1.1.1,EF-hand_1,2.2,True
nD1,A0A1D8PP58_F1,173,1-173,computed structural model,108.1.1.29,EF-hand_7,2.2,False
nD1,A0A0D2G9E2_F1,173,223-395,computed structural model,108.1.1.14,EF_assoc_2,2.2,False
nD1,B0BNJ1_F1,173,26-198,computed structural model,108.1.1.1,EF-hand_1,2.2,False
nD1,Q8VC88_F1,173,48-220,computed structural model,,,2.2,False
nD1,G4LZ30_F1,173,331-503,computed structural model,108.1.1.1,EF-hand_1,2.2,False
nD1,A4HXE1_F1,173,"581-595,626-669,716-745,782-865",computed structural model,108.1.1.29,EF-hand_7,2.2,True
e6k7yI2,6k7y,172,I:305-476,experimental structure,108.1.1.1,EF-hand_1,2.1,False
e6k7yV2,6k7y,172,V:305-476,experimental structure,108.1.1.1,EF-hand_1,2.1,False
e6agiA1,6agi,171,"A:12-153,A:210-238",experimental structure,108.1.1.29,EF-hand_7,2.1,True
nD1,D3ZFC8_F1,170,1-170,computed structural model,108.1.1.29,EF-hand_7,2.1,False
nD1,C1H7T0_F1,170,11-180,computed structural model,108.1.1.14,EF_assoc_2,2.1,False
nD4,O61213_F1,170,761-930,computed structural model,108.1.1.29,EF-hand_7,2.1,False
nD1,E7FCR5_F1,170,1-170,computed structural model,108.1.1.1,EF-hand_1,2.1,False
nD1,Q2RBP8_F1,170,211-380,computed structural model,,,2.1,False
nD1,Q8BFY6_F1,170,106-275,computed structural model,108.1.1.1,EF-hand_1,2.1,False
nD1,Q9FJD6_F1,170,101-270,computed structural model,,,2.1,False
nD1,A0A175VYB1_F1,170,"11-170,661-670",computed structural model,108.1.1.1,EF-hand_1,2.1,True
nD3,Q64691_F1,170,651-820,computed structural model,108.1.1.1,EF-hand_1,2.1,False
nD3,A6NHC0_F1,170,531-700,computed structural model,108.1.1.1,EF-hand_1,2.1,False
nD2,Q9ULQ1_F1,170,"351-415,696-800",computed structural model,108.1.1.8,S_100,2.1,True
nD8,Q38DD4_F1,170,"781-810,836-975",computed structural model,108.1.1.1,EF-hand_1,2.1,True
nD1,F1QR22_F1,170,56-225,computed structural model,108.1.1.1,EF-hand_1,2.1,False
nD1,A0PJX0_F1,170,11-180,computed structural model,108.1.1.1,EF-hand_1,2.1,False
nD2,A0A1D6IX89_F1,170,376-545,computed structural model,108.1.1.1,EF-hand_1,2.1,False
e6eazB2,6eaz,170,B:205-374,experimental structure,108.1.1.29,EF-hand_7,2.1,False
nD1,A4I7N2_F1,170,46-215,computed structural model,108.1.1.1,EF-hand_1,2.1,False
nD1,B6TXR3_F1,170,56-225,computed structural model,108.1.1.37,AIF-1,2.1,False
nD1,I1KP09_F1,170,131-300,computed structural model,108.1.1.29,EF-hand_7,2.1,False
nD1,I1JRB1_F1,170,121-290,computed structural model,108.1.1.29,EF-hand_7,2.1,False
nD1,E7F921_F1,170,86-255,computed structural model,,,2.1,False
nD2,P80303_F1,170,171-340,computed structural model,,,2.1,False
nD8,Q4DCH9_F1,170,801-970,computed structural model,108.1.1.14,EF_assoc_2,2.1,False
nD1,K0F0A8_F1,170,6-175,computed structural model,108.1.1.1,EF-hand_1,2.1,False
nD1,Q8VDY4_F1,170,21-190,computed structural model,108.1.1.27,EF-hand_6,2.1,False
nD2,Q4DNV1_F1,170,196-365,computed structural model,108.1.1.28,"EF-hand_6,EF-hand_7",2.1,False
nD1,K7N5A2_F1,170,126-295,computed structural model,108.1.1.29,EF-hand_7,2.1,False
nD1,A0A1D6F6C5_F1,170,166-335,computed structural model,108.1.1.1,EF-hand_1,2.1,False
nD1,A0A1D6MT19_F1,170,126-295,computed structural model,108.1.1.29,EF-hand_7,2.1,False
nD1,A0A1C1D0H2_F1,170,226-395,computed structural model,108.1.1.14,EF_assoc_2,2.1,False
nD4,O01795_F1,170,771-940,computed structural model,108.1.1.29,EF-hand_7,2.1,False
nD1,Q5PNM8_F1,170,6-175,computed structural model,108.1.1.29,EF-hand_7,2.1,False
nD7,A4HVV2_F1,170,656-825,computed structural model,108.1.1.1,EF-hand_1,2.1,False
nD2,A8DWJ8_F1,170,321-490,computed structural model,108.1.1.29,EF-hand_7,2.1,False
nD3,A8MX76_F1,170,511-680,computed structural model,,,2.1,False
nD1,K0F0A3_F1,170,6-175,computed structural model,108.1.1.1,EF-hand_1,2.1,False
nD2,Q8IBY5_F1,170,76-245,computed structural model,108.1.1.1,EF-hand_1,2.1,False
nD1,A0A1D6MTM7_F1,170,56-225,computed structural model,108.1.1.29,EF-hand_7,2.1,False
nD1,A0A0R0FB11_F1,170,116-285,computed structural model,108.1.1.26,EF-hand_5,2.1,False
nD1,Q54JS1_F1,170,111-280,computed structural model,108.1.1.1,EF-hand_1,2.1,False
nD1,Q66L49_F1,170,1-170,computed structural model,108.1.1.29,EF-hand_7,2.1,False
nD2,P81117_F1,170,171-340,computed structural model,108.1.1.1,EF-hand_1,2.1,False
nD3,A2AQ92_F1,170,771-940,computed structural model,108.1.1.29,EF-hand_7,2.1,False
nD4,Q8CIY2_F1,170,766-935,computed structural model,108.1.1.29,EF-hand_7,2.1,False
nD3,Q5BK10_F1,170,496-665,computed structural model,108.1.1.42,CAPN13-like_C_EFh,2.1,False
nD3,Q969Q6_F1,170,276-445,computed structural model,108.1.1.29,EF-hand_7,2.1,False
nD1,Q19529_F1,170,56-225,computed structural model,108.1.1.29,EF-hand_7,2.1,False
nD1,Q0DHH6_F1,170,51-220,computed structural model,108.1.1.1,EF-hand_1,2.1,False
nD3,K7KTG4_F1,170,291-460,computed structural model,108.1.1.1,EF-hand_1,2.1,False
nD1,Q6NUK1_F1,170,1-170,computed structural model,108.1.1.29,EF-hand_7,2.1,False
nD1,P28676_F1,170,46-215,computed structural model,108.1.1.29,EF-hand_7,2.1,False
e6eazA2,6eaz,170,A:205-374,experimental structure,108.1.1.29,EF-hand_7,2.1,False
nD1,K7KME9_F1,170,81-250,computed structural model,108.1.1.29,EF-hand_7,2.1,False
nD3,P20807_F1,170,651-820,computed structural model,108.1.1.11,Cullin_binding,2.1,False
nD1,A0A3Q0KMJ7_F1,170,1-170,computed structural model,108.1.1.1,EF-hand_1,2.1,False
nD1,I1NBY2_F1,170,121-290,computed structural model,108.1.1.29,EF-hand_7,2.1,False
nD1,Q4DRL2_F1,170,"21-65,101-200,1296-1320",computed structural model,108.1.1.1,EF-hand_1,2.1,True
nD2,A0A077Z0Y0_F1,170,"1231-1255,1551-1695",computed structural model,108.1.1.1,EF-hand_1,2.1,True
nD1,A0A0R0HVK7_F1,170,26-195,computed structural model,108.1.1.29,EF-hand_7,2.1,False
nD1,I1KP16_F1,170,21-190,computed structural model,108.1.1.26,EF-hand_5,2.1,False
nD2,Q4GZE0_F1,170,196-365,computed structural model,108.1.1.1,EF-hand_1,2.1,False
nD1,Q9FIJ0_F1,170,161-330,computed structural model,108.1.1.29,EF-hand_7,2.1,False
nD2,Q803V3_F1,170,281-450,computed structural model,108.1.1.8,S_100,2.1,False
nD6,A0A0G2KPH4_F1,170,"791-865,921-1015",computed structural model,108.1.1.29,EF-hand_7,2.1,True
nD2,I1JYK8_F1,170,416-585,computed structural model,108.1.1.29,EF-hand_7,2.1,False
nD1,Q9LZU9_F1,170,111-280,computed structural model,108.1.1.1,EF-hand_1,2.1,False
nD1,U7Q375_F1,169,6-174,computed structural model,108.1.1.29,EF-hand_7,2.1,False
nD1,A0A0R0L5Y8_F1,169,91-259,computed structural model,108.1.1.1,EF-hand_1,2.1,False
nD10,Q38AG4_F1,169,1161-1329,computed structural model,108.1.1.18,EF-hand_2,2.1,False
e3a8rB1,3a8r,167,B:4-170,experimental structure,108.1.1.15,"NADPH_Ox,EF-hand_7",2.1,False
e6xjxQ2,6xjx,166,Q:305-470,experimental structure,108.1.1.1,EF-hand_1,2.1,False
e3a8rA1,3a8r,166,A:4-169,experimental structure,108.1.1.15,"NADPH_Ox,EF-hand_7",2.1,False
nD1,Q04231_F1,165,11-175,computed structural model,108.1.1.50,Rad33,2.1,False
nD1,A0A0P0VG45_F1,165,"41-160,231-275",computed structural model,108.1.1.1,EF-hand_1,2.1,True
nD1,K7KRB9_F1,165,31-195,computed structural model,108.1.1.26,EF-hand_5,2.1,False
nD3,A0A0R4IX46_F1,165,486-650,computed structural model,108.1.1.1,EF-hand_1,2.1,False
nD1,A0A077Z0I6_F1,165,21-185,computed structural model,108.1.1.29,EF-hand_7,2.1,False
nD1,K7MF78_F1,165,11-175,computed structural model,108.1.1.1,EF-hand_1,2.1,False
nD2,Q8IYU8_F1,165,246-410,computed structural model,108.1.1.1,EF-hand_1,2.1,False
nD3,A0A0K0EDY1_F1,165,251-415,computed structural model,108.1.1.29,EF-hand_7,2.1,False
nD1,Q54VP5_F1,165,11-175,computed structural model,108.1.1.8,S_100,2.1,False
nD1,C0NPD2_F1,165,6-170,computed structural model,108.1.1.29,EF-hand_7,2.1,False
nD2,A0A5K4ENN1_F1,165,196-360,computed structural model,108.1.1.29,EF-hand_7,2.1,False
nD1,D3ZYI0_F1,165,56-220,computed structural model,108.1.1.1,EF-hand_1,2.1,False
nD1,Q8IYU8_F1,165,81-245,computed structural model,108.1.1.1,EF-hand_1,2.1,False
nD2,Q9JI85_F1,165,171-335,computed structural model,108.1.1.1,EF-hand_1,2.1,False
e2ggzA1,2ggz,165,A:24-188,experimental structure,108.1.1.29,EF-hand_7,2.1,False
nD2,C1GT00_F1,165,"61-90,116-125,311-345,396-485",computed structural model,108.1.1.1,EF-hand_1,2.1,True
nD3,Q65XE2_F1,165,306-470,computed structural model,108.1.1.29,EF-hand_7,2.1,False
nD1,A0A0D2EKU3_F1,165,16-180,computed structural model,108.1.1.14,EF_assoc_2,2.1,False
nD1,A0A5K4EB89_F1,165,61-225,computed structural model,108.1.1.1,EF-hand_1,2.1,False
nD3,Q86A02_F1,165,"651-790,1166-1190",computed structural model,108.1.1.29,EF-hand_7,2.1,True
nD3,A0A2R8RNP1_F1,165,531-695,computed structural model,108.1.1.1,EF-hand_1,2.1,False
e2ggzB4,2ggz,165,B:24-188,experimental structure,108.1.1.29,EF-hand_7,2.1,False
nD1,I1N833_F1,165,11-175,computed structural model,108.1.1.1,EF-hand_1,2.1,False
nD3,Q3UW68_F1,165,496-660,computed structural model,108.1.1.42,CAPN13-like_C_EFh,2.1,False
nD2,Q6NVG1_F1,165,326-490,computed structural model,108.1.1.29,EF-hand_7,2.1,False
nD6,Q4DUW2_F1,165,636-800,computed structural model,108.1.1.25,EF-hand_4,2.1,False
nD1,K7KVE5_F1,165,6-170,computed structural model,108.1.1.26,EF-hand_5,2.1,False
nD3,Q6AXZ3_F1,165,276-440,computed structural model,108.1.1.8,S_100,2.1,False
nD1,Q9FI43_F1,165,21-185,computed structural model,108.1.1.1,EF-hand_1,2.1,False
nD1,Q8BHW6_F1,165,406-570,computed structural model,108.1.1.13,EF_assoc_1,2.1,False
nD8,Q4DHD3_F1,165,"1476-1575,1621-1685",computed structural model,108.1.1.14,EF_assoc_2,2.1,True
nD1,Q8CD10_F1,165,81-245,computed structural model,108.1.1.1,EF-hand_1,2.1,False
nD1,Q99P63_F1,165,81-245,computed structural model,108.1.1.1,EF-hand_1,2.1,False
nD2,A0A3P7FFC6_F1,165,126-290,computed structural model,108.1.1.1,EF-hand_1,2.1,False
nD1,Q6DC93_F1,165,101-265,computed structural model,108.1.1.1,EF-hand_1,2.1,False
nD2,C0P875_F1,165,361-525,computed structural model,108.1.1.1,EF-hand_1,2.1,False
nD1,Q63811_F1,165,6-170,computed structural model,108.1.1.29,EF-hand_7,2.1,False
nD1,Q5ZAJ0_F1,165,141-305,computed structural model,108.1.1.29,EF-hand_7,2.1,False
nD2,A0A0K0EKR0_F1,165,301-465,computed structural model,108.1.1.1,EF-hand_1,2.1,False
nD2,Q1LWG4_F1,165,321-485,computed structural model,108.1.1.1,EF-hand_1,2.1,False
nD1,A0A0N4UAE0_F1,165,1-165,computed structural model,108.1.1.1,EF-hand_1,2.1,False
nD1,A0A0D2F9T5_F1,165,"21-165,666-685",computed structural model,108.1.1.1,EF-hand_1,2.1,True
nD2,A0A0R4IHT0_F1,165,"156-300,641-660",computed structural model,108.1.1.11,Cullin_binding,2.1,True
nD1,P48451_F1,165,6-170,computed structural model,108.1.1.29,EF-hand_7,2.1,False
nD6,Q5SVR0_F1,165,"246-255,796-940,1236-1245",computed structural model,108.1.1.1,EF-hand_1,2.1,True
nD1,C1GUT2_F1,165,31-195,computed structural model,108.1.1.30,EF-hand_8,2.1,False
nD10,E9AI05_F1,165,1196-1360,computed structural model,108.1.1.1,EF-hand_1,2.1,False
nD6,Q57X76_F1,165,586-750,computed structural model,108.1.1.12,p25-alpha,2.1,False
nD1,Q69X19_F1,165,46-210,computed structural model,108.1.1.26,EF-hand_5,2.1,False
nD2,Q4D6B5_F1,165,151-315,computed structural model,108.1.1.8,S_100,2.1,False
nD7,Q387F7_F1,165,466-630,computed structural model,108.1.1.34,EF-hand_12,2.1,False
nD1,Q382G1_F1,165,51-215,computed structural model,108.1.1.1,EF-hand_1,2.1,False
nD3,B8A6G0_F1,165,536-700,computed structural model,108.1.1.1,EF-hand_1,2.1,False
nD1,C1GZI6_F1,165,6-170,computed structural model,108.1.1.1,EF-hand_1,2.1,False
nD1,C1H5T3_F1,165,286-450,computed structural model,108.1.1.14,EF_assoc_2,2.1,False
nD2,A0A077YUZ7_F1,165,221-385,computed structural model,108.1.1.1,EF-hand_1,2.1,False
nD1,I1JXT0_F1,165,151-315,computed structural model,108.1.1.29,EF-hand_7,2.1,False
nD2,A0A3Q0KNY1_F1,165,171-335,computed structural model,,,2.1,False
nD1,O75746_F1,165,"11-155,641-660",computed structural model,108.1.1.29,EF-hand_7,2.1,True
nD1,A0A0N4U550_F1,165,6-170,computed structural model,108.1.1.29,EF-hand_7,2.1,False
nD1,A0A077Z2Y3_F1,165,66-230,computed structural model,108.1.1.8,S_100,2.1,False
nD1,Q55GP0_F1,165,11-175,computed structural model,108.1.1.1,EF-hand_1,2.1,False
nD1,A0A044U3M5_F1,165,36-200,computed structural model,108.1.1.29,EF-hand_7,2.1,False
e4nsdA1,4nsd,164,"A:15-148,A:187-216",experimental structure,108.1.1.29,EF-hand_7,2.0,True
nD3,O02217_F1,164,241-404,computed structural model,108.1.1.1,EF-hand_1,2.0,False
e4nscD2,4nsc,163,D:230-392,experimental structure,108.1.1.1,EF-hand_1,2.0,False
e4nscF1,4nsc,163,"F:28-179,F:201-211",experimental structure,108.1.1.26,EF-hand_5,2.0,True
e4nscB3,4nsc,163,B:230-392,experimental structure,108.1.1.1,EF-hand_1,2.0,False
nD1,A0A3P7Q257_F1,163,1-163,computed structural model,108.1.1.29,EF-hand_7,2.0,False
e6wdnB1,6wdn,162,B:202-363,experimental structure,108.1.1.1,EF-hand_1,2.0,False
e4nscE1,4nsc,162,E:230-391,experimental structure,108.1.1.1,EF-hand_1,2.0,False
e4nscA2,4nsc,161,A:230-390,experimental structure,108.1.1.1,EF-hand_1,2.0,False
e6xqnI2,6xqn,161,"I:20-168,I:190-201",experimental structure,108.1.1.26,EF-hand_5,2.0,True
